Fecha,Hora,PM25
2022-01-01,0,54
2022-01-01,1,102
2022-01-01,2,43
2022-01-01,3,36
2022-01-01,4,37
2022-01-01,5,36
2022-01-01,6,28
2022-01-01,7,33
2022-01-01,8,49
2022-01-01,9,26
2022-01-01,10,16
2022-01-01,11,9
2022-01-01,12,11
2022-01-01,13,9
2022-01-01,14,14
2022-01-01,15,9
2022-01-01,16,12
2022-01-01,17,7
2022-01-01,18,5
2022-01-01,19,7
2022-01-01,20,5
2022-01-01,21,2
2022-01-01,22,4
2022-01-01,23,5
2022-01-02,0,27
2022-01-02,1,24
2022-01-02,2,19
2022-01-02,3,34
2022-01-02,4,41
2022-01-02,5,18
2022-01-02,6,17
2022-01-02,7,16
2022-01-02,8,12
2022-01-02,9,11
2022-01-02,10,15
2022-01-02,11,8
2022-01-02,12,6
2022-01-02,13,4
2022-01-02,14,11
2022-01-02,15,8
2022-01-02,16,9
2022-01-02,17,12
2022-01-02,18,11
2022-01-02,19,14
2022-01-02,20,11
2022-01-02,21,15
2022-01-02,22,16
2022-01-02,23,12
2022-01-03,0,11
2022-01-03,1,12
2022-01-03,2,12
2022-01-03,3,13
2022-01-03,4,13
2022-01-03,5,10
2022-01-03,6,9
2022-01-03,7,17
2022-01-03,8,11
2022-01-03,9,15
2022-01-03,10,19
2022-01-03,11,14
2022-01-03,12,12
2022-01-03,13,13
2022-01-03,14,11
2022-01-03,15,13
2022-01-03,16,21
2022-01-03,17,21
2022-01-03,18,20
2022-01-03,19,14
2022-01-03,20,14
2022-01-03,21,19
2022-01-03,22,28
2022-01-03,23,35
2022-01-04,0,61
2022-01-04,1,45
2022-01-04,2,43
2022-01-04,3,38
2022-01-04,4,38
2022-01-04,5,34
2022-01-04,6,34
2022-01-04,7,32
2022-01-04,8,39
2022-01-04,9,44
2022-01-04,10,50
2022-01-04,11,51
2022-01-04,12,28
2022-01-04,13,17
2022-01-04,14,16
2022-01-04,15,20
2022-01-04,16,18
2022-01-04,17,13
2022-01-04,18,7
2022-01-04,19,1
2022-01-04,20,18
2022-01-04,21,16
2022-01-04,22,12
2022-01-04,23,30
2022-01-05,0,42
2022-01-05,1,32
2022-01-05,2,36
2022-01-05,3,46
2022-01-05,4,27
2022-01-05,5,38
2022-01-05,6,27
2022-01-05,7,23
2022-01-05,8,19
2022-01-05,9,20
2022-01-05,10,27
2022-01-05,11,29
2022-01-05,12,23
2022-01-05,13,26
2022-01-05,14,24
2022-01-05,15,17
2022-01-05,16,5
2022-01-05,17,1
2022-01-05,18,-2
2022-01-05,19,0
2022-01-05,20,0
2022-01-05,21,46
2022-01-05,22,7
2022-01-05,23,3
2022-01-06,0,3
2022-01-06,1,16
2022-01-06,2,18
2022-01-06,3,24
2022-01-06,4,26
2022-01-06,5,18
2022-01-06,6,17
2022-01-06,7,15
2022-01-06,8,17
2022-01-06,9,22
2022-01-06,10,32
2022-01-06,11,11
2022-01-06,12,19
2022-01-06,13,21
2022-01-06,14,23
2022-01-06,15,17
2022-01-06,16,5
2022-01-06,17,2
2022-01-06,18,1
2022-01-06,19,5
2022-01-06,20,6
2022-01-06,21,16
2022-01-06,22,23
2022-01-06,23,12
2022-01-07,0,25
2022-01-07,1,36
2022-01-07,2,24
2022-01-07,3,24
2022-01-07,4,25
2022-01-07,5,25
2022-01-07,6,44
2022-01-07,7,27
2022-01-07,8,23
2022-01-07,9,39
2022-01-07,10,26
2022-01-07,11,12
2022-01-07,12,18
2022-01-07,13,22
2022-01-07,14,20
2022-01-07,15,24
2022-01-07,16,9
2022-01-07,17,11
2022-01-07,18,8
2022-01-07,19,4
2022-01-07,20,6
2022-01-07,21,4
2022-01-07,22,8
2022-01-07,23,14
2022-01-08,0,32
2022-01-08,1,26
2022-01-08,2,40
2022-01-08,3,16
2022-01-08,4,12
2022-01-08,5,35
2022-01-08,6,46
2022-01-08,7,24
2022-01-08,8,27
2022-01-08,9,35
2022-01-08,10,26
2022-01-08,11,29
2022-01-08,12,25
2022-01-08,13,17
2022-01-08,14,10
2022-01-08,15,11
2022-01-08,16,10
2022-01-08,17,8
2022-01-08,18,5
2022-01-08,19,7
2022-01-08,20,10
2022-01-08,21,16
2022-01-08,22,21
2022-01-08,23,38
2022-01-09,0,21
2022-01-09,1,27
2022-01-09,2,17
2022-01-09,3,16
2022-01-09,4,14
2022-01-09,5,12
2022-01-09,6,17
2022-01-09,7,10
2022-01-09,8,11
2022-01-09,9,11
2022-01-09,10,13
2022-01-09,11,18
2022-01-09,12,15
2022-01-09,13,9
2022-01-09,14,7
2022-01-09,15,14
2022-01-09,16,15
2022-01-09,17,19
2022-01-09,18,13
2022-01-09,19,7
2022-01-09,20,1
2022-01-09,21,33
2022-01-09,22,49
2022-01-09,23,34
2022-01-10,0,16
2022-01-10,1,15
2022-01-10,2,19
2022-01-10,3,19
2022-01-10,4,15
2022-01-10,5,17
2022-01-10,6,22
2022-01-10,7,25
2022-01-10,8,25
2022-01-10,9,36
2022-01-10,10,32
2022-01-10,11,25
2022-01-10,12,29
2022-01-10,13,14
2022-01-10,14,8
2022-01-10,15,8
2022-01-10,16,7
2022-01-11,11,8
2022-01-11,12,7
2022-01-11,13,5
2022-01-11,14,3
2022-01-11,15,2
2022-01-11,16,10
2022-01-11,17,10
2022-01-11,18,17
2022-01-11,19,2
2022-01-11,20,4
2022-01-11,21,9
2022-01-11,22,6
2022-01-11,23,3
2022-01-12,0,4
2022-01-12,1,8
2022-01-12,2,8
2022-01-14,0,12
2022-01-14,1,12
2022-01-14,2,15
2022-01-14,3,9
2022-01-14,4,47
2022-01-14,5,25
2022-01-14,6,41
2022-01-14,7,35
2022-01-14,8,26
2022-01-14,9,38
2022-01-14,10,35
2022-01-14,11,40
2022-01-14,12,27
2022-01-14,13,14
2022-01-14,14,18
2022-01-14,15,23
2022-01-14,16,18
2022-01-14,17,10
2022-01-14,18,7
2022-01-14,19,3
2022-01-14,20,9
2022-01-14,21,8
2022-01-14,22,15
2022-01-14,23,10
2022-01-15,0,20
2022-01-15,1,22
2022-01-15,2,34
2022-01-15,3,30
2022-01-15,4,15
2022-01-15,5,18
2022-01-15,6,10
2022-01-15,7,28
2022-01-15,8,21
2022-01-15,9,31
2022-01-15,10,29
2022-01-15,11,31
2022-01-15,12,24
2022-01-15,13,18
2022-01-15,14,19
2022-01-15,15,19
2022-01-15,16,8
2022-01-15,17,8
2022-01-15,18,4
2022-01-15,19,2
2022-01-15,20,8
2022-01-15,21,7
2022-01-15,22,40
2022-01-15,23,23
2022-01-16,0,20
2022-01-16,1,25
2022-01-16,2,22
2022-01-16,3,15
2022-01-16,4,12
2022-01-16,5,16
2022-01-16,6,22
2022-01-16,7,18
2022-01-16,8,13
2022-01-16,9,14
2022-01-16,10,13
2022-01-16,11,14
2022-01-16,12,15
2022-01-16,13,14
2022-01-16,14,18
2022-01-16,15,19
2022-01-16,16,18
2022-01-16,17,14
2022-01-16,18,9
2022-01-16,19,8
2022-01-16,20,8
2022-01-16,21,13
2022-01-16,22,19
2022-01-16,23,28
2022-01-17,0,62
2022-01-17,1,40
2022-01-17,2,35
2022-01-17,3,27
2022-01-17,4,27
2022-01-17,5,24
2022-01-17,6,35
2022-01-17,7,26
2022-01-17,8,26
2022-01-17,9,25
2022-01-17,10,31
2022-01-17,11,31
2022-01-17,12,33
2022-01-17,13,18
2022-01-17,14,26
2022-01-17,15,22
2022-01-17,16,13
2022-01-17,17,15
2022-01-17,18,10
2022-01-17,19,8
2022-01-17,20,4
2022-01-17,21,4
2022-01-17,22,37
2022-01-17,23,16
2022-01-18,0,13
2022-01-18,1,33
2022-01-18,2,28
2022-01-18,3,19
2022-01-18,4,16
2022-01-18,5,105
2022-01-18,6,29
2022-01-18,7,24
2022-01-18,8,30
2022-01-18,9,38
2022-01-18,10,49
2022-01-18,11,43
2022-01-18,12,41
2022-01-18,13,30
2022-01-18,14,20
2022-01-18,15,15
2022-01-18,16,15
2022-01-18,17,10
2022-01-18,18,1
2022-01-18,19,-3
2022-01-18,20,0
2022-01-18,21,19
2022-01-18,22,37
2022-01-18,23,4
2022-01-19,0,5
2022-01-19,1,6
2022-01-19,2,7
2022-01-19,3,8
2022-01-19,4,6
2022-01-19,5,9
2022-01-19,6,19
2022-01-19,7,22
2022-01-19,8,21
2022-01-19,9,29
2022-01-19,10,34
2022-01-19,11,27
2022-01-19,12,69
2022-01-19,13,9
2022-01-19,14,12
2022-01-19,15,15
2022-01-19,16,11
2022-01-19,17,8
2022-01-19,18,9
2022-01-19,19,6
2022-01-19,20,9
2022-01-19,21,12
2022-01-19,22,17
2022-01-19,23,15
2022-01-20,0,19
2022-01-20,1,70
2022-01-20,2,49
2022-01-20,3,22
2022-01-20,4,34
2022-01-20,5,49
2022-01-20,6,40
2022-01-20,7,35
2022-01-20,8,31
2022-01-20,9,40
2022-01-20,10,39
2022-01-20,11,31
2022-01-20,12,37
2022-01-20,13,15
2022-01-20,14,22
2022-01-20,15,21
2022-01-20,16,16
2022-01-20,17,10
2022-01-20,18,2
2022-01-20,19,4
2022-01-20,20,6
2022-01-20,21,3
2022-01-20,22,5
2022-01-20,23,13
2022-01-21,0,9
2022-01-21,1,8
2022-01-21,2,6
2022-01-21,3,4
2022-01-21,4,11
2022-01-21,5,7
2022-01-21,6,4
2022-01-21,7,4
2022-01-21,8,12
2022-01-21,9,12
2022-01-21,10,16
2022-01-21,11,31
2022-01-21,12,14
2022-01-21,13,14
2022-01-21,14,12
2022-01-21,15,13
2022-01-21,16,11
2022-01-21,17,9
2022-01-21,18,6
2022-01-21,19,6
2022-01-21,20,7
2022-01-21,21,4
2022-01-21,22,6
2022-01-21,23,14
2022-01-22,0,10
2022-01-22,1,24
2022-01-22,2,32
2022-01-22,3,27
2022-01-22,4,82
2022-01-22,5,32
2022-01-22,6,26
2022-01-22,7,26
2022-01-22,8,29
2022-01-22,9,42
2022-01-22,10,45
2022-01-22,11,44
2022-01-22,12,28
2022-01-22,13,22
2022-01-22,14,21
2022-01-22,15,24
2022-01-22,16,12
2022-01-22,17,8
2022-01-22,18,8
2022-01-22,19,8
2022-01-22,20,10
2022-01-22,21,66
2022-01-22,22,48
2022-01-22,23,28
2022-01-23,0,38
2022-01-23,1,31
2022-01-23,2,25
2022-01-23,3,19
2022-01-23,4,15
2022-01-23,5,9
2022-01-23,6,16
2022-01-23,7,22
2022-01-23,8,18
2022-01-23,9,16
2022-01-23,10,23
2022-01-23,11,19
2022-01-23,12,23
2022-01-23,13,28
2022-01-23,14,23
2022-01-23,15,23
2022-01-23,16,14
2022-01-23,17,14
2022-01-23,18,13
2022-01-23,19,8
2022-01-23,20,30
2022-01-23,21,15
2022-01-23,22,21
2022-01-23,23,13
2022-01-24,0,9
2022-01-24,1,8
2022-01-24,2,11
2022-01-24,3,16
2022-01-24,4,13
2022-01-24,5,12
2022-01-24,6,12
2022-01-24,7,14
2022-01-24,8,20
2022-01-24,9,15
2022-01-24,10,15
2022-01-24,11,12
2022-01-24,12,13
2022-01-24,13,15
2022-01-24,14,10
2022-01-24,15,15
2022-01-24,16,11
2022-01-24,17,6
2022-01-24,18,4
2022-01-24,19,4
2022-01-24,20,3
2022-01-24,21,2
2022-01-24,22,4
2022-01-24,23,7
2022-01-25,0,6
2022-01-25,1,5
2022-01-25,2,5
2022-01-25,3,3
2022-01-25,4,2
2022-01-25,5,1
2022-01-25,6,1
2022-01-25,7,0
2022-01-25,8,2
2022-01-25,9,3
2022-01-25,10,2
2022-01-25,11,0
2022-01-25,12,1
2022-01-25,13,8
2022-01-25,14,7
2022-01-25,15,7
2022-01-25,16,5
2022-01-25,17,5
2022-01-25,18,4
2022-01-25,19,2
2022-01-25,20,4
2022-01-25,21,6
2022-01-25,22,6
2022-01-25,23,7
2022-01-26,0,10
2022-01-26,1,25
2022-01-26,2,17
2022-01-26,3,18
2022-01-26,4,17
2022-01-26,5,20
2022-01-26,6,25
2022-01-26,7,22
2022-01-26,8,26
2022-01-26,9,44
2022-01-26,10,41
2022-01-26,11,24
2022-01-26,12,17
2022-01-26,13,15
2022-01-26,14,12
2022-01-26,15,12
2022-01-26,16,9
2022-01-26,17,5
2022-01-26,18,2
2022-01-26,19,0
2022-01-26,20,-1
2022-01-26,21,2
2022-01-26,22,7
2022-01-26,23,6
2022-01-27,0,9
2022-01-27,1,17
2022-01-27,2,47
2022-01-27,3,42
2022-01-27,4,26
2022-01-27,5,24
2022-01-27,6,22
2022-01-27,7,26
2022-01-27,8,16
2022-01-27,9,44
2022-01-27,10,42
2022-01-27,11,12
2022-01-27,12,15
2022-01-27,13,12
2022-01-27,14,14
2022-01-27,15,12
2022-01-27,16,8
2022-01-27,17,5
2022-01-27,18,2
2022-01-27,19,1
2022-01-27,20,2
2022-01-27,21,16
2022-01-27,22,4
2022-01-27,23,5
2022-01-28,0,8
2022-01-28,1,5
2022-01-28,2,14
2022-01-28,3,30
2022-01-28,4,6
2022-01-28,5,12
2022-01-28,6,10
2022-01-28,7,16
2022-01-28,8,20
2022-01-28,9,16
2022-01-28,10,21
2022-01-28,11,9
2022-01-28,12,24
2022-01-28,13,12
2022-01-28,14,13
2022-01-28,15,13
2022-01-28,16,9
2022-01-28,17,3
2022-01-28,18,-2
2022-01-28,19,-4
2022-01-28,20,1
2022-01-28,21,17
2022-01-28,22,11
2022-01-28,23,6
2022-01-29,0,7
2022-01-29,1,14
2022-01-29,2,11
2022-01-29,3,6
2022-01-29,4,4
2022-01-29,5,6
2022-01-29,6,6
2022-01-29,7,8
2022-01-29,8,6
2022-01-29,9,7
2022-01-29,10,12
2022-01-29,11,9
2022-01-29,12,8
2022-01-29,13,14
2022-01-29,14,10
2022-01-29,15,14
2022-01-29,16,23
2022-01-29,17,15
2022-01-29,18,11
2022-01-29,19,13
2022-01-29,20,9
2022-01-29,21,8
2022-01-29,22,6
2022-01-29,23,13
2022-01-30,0,12
2022-01-30,1,10
2022-01-30,2,9
2022-01-30,3,7
2022-01-30,4,9
2022-01-30,5,12
2022-01-30,6,9
2022-01-30,7,15
2022-01-30,8,20
2022-01-30,9,23
2022-01-30,10,13
2022-01-30,11,10
2022-01-30,12,23
2022-01-30,13,12
2022-01-30,14,19
2022-01-30,15,12
2022-01-30,16,8
2022-01-30,17,12
2022-01-30,18,6
2022-01-30,19,-1
2022-01-30,20,0
2022-01-30,21,0
2022-01-30,22,0
2022-01-30,23,1
2022-01-31,0,1
2022-01-31,1,5
2022-01-31,2,8
2022-01-31,3,5
2022-01-31,4,4
2022-01-31,5,3
2022-01-31,6,7
2022-01-31,7,6
2022-01-31,8,4
2022-01-31,9,14
2022-01-31,10,13
2022-01-31,11,19
2022-01-31,12,13
2022-01-31,13,10
2022-01-31,14,9
2022-01-31,15,10
2022-01-31,16,7
2022-01-31,17,10
2022-01-31,18,5
2022-01-31,19,-4
2022-01-31,20,-6
2022-01-31,21,-3
2022-01-31,22,0
2022-01-31,23,2
2022-02-01,0,3
2022-02-01,1,2
2022-02-01,2,2
2022-02-01,3,4
2022-02-01,4,3
2022-02-01,5,3
2022-02-01,6,6
2022-02-01,7,7
2022-02-01,8,10
2022-02-01,9,32
2022-02-01,10,41
2022-02-01,11,26
2022-02-01,12,27
2022-02-01,13,13
2022-02-01,14,0
2022-02-01,15,0
2022-02-01,16,0
2022-02-01,17,0
2022-02-01,18,0
2022-02-01,19,0
2022-02-01,20,0
2022-02-01,21,0
2022-02-01,22,0
2022-02-01,23,0
2022-02-02,0,0
2022-02-02,1,0
2022-02-02,2,0
2022-02-02,3,0
2022-02-02,4,0
2022-02-02,5,0
2022-02-02,6,0
2022-02-02,7,0
2022-02-02,8,0
2022-02-02,9,0
2022-02-02,10,0
2022-02-02,11,0
2022-02-02,12,0
2022-02-02,13,0
2022-02-02,14,0
2022-02-02,15,0
2022-02-02,16,0
2022-02-02,17,0
2022-02-02,18,0
2022-02-02,19,0
2022-02-02,20,0
2022-02-02,21,0
2022-02-02,22,0
2022-02-02,23,0
2022-02-03,0,0
2022-02-03,1,0
2022-02-03,2,0
2022-02-03,3,0
2022-02-03,4,0
2022-02-03,5,0
2022-02-03,6,0
2022-02-03,7,0
2022-02-03,8,0
2022-02-03,9,0
2022-02-03,10,0
2022-02-03,11,0
2022-02-03,12,0
2022-02-03,13,0
2022-02-03,14,0
2022-02-03,15,0
2022-02-03,16,0
2022-02-03,17,0
2022-02-03,18,0
2022-02-03,19,0
2022-02-03,20,0
2022-02-03,21,0
2022-02-03,22,0
2022-02-03,23,0
2022-02-04,0,0
2022-02-04,1,0
2022-02-04,2,0
2022-02-04,3,0
2022-02-04,4,0
2022-02-04,5,0
2022-02-04,6,0
2022-02-04,7,0
2022-02-04,8,0
2022-02-04,9,0
2022-02-04,10,0
2022-02-04,11,0
2022-02-04,12,0
2022-02-04,13,0
2022-02-04,14,0
2022-02-04,15,0
2022-02-04,16,0
2022-02-04,17,0
2022-02-04,18,0
2022-02-04,19,0
2022-02-04,20,0
2022-02-04,21,0
2022-02-04,22,0
2022-02-04,23,0
2022-02-05,0,0
2022-02-05,1,0
2022-02-05,2,0
2022-02-05,3,0
2022-02-05,4,0
2022-02-05,5,0
2022-02-05,6,0
2022-02-05,7,0
2022-02-05,8,0
2022-02-05,9,0
2022-02-05,10,0
2022-02-05,11,0
2022-02-05,12,0
2022-02-05,13,0
2022-02-05,14,0
2022-02-05,15,0
2022-02-05,16,0
2022-02-05,17,0
2022-02-05,18,0
2022-02-05,19,0
2022-02-05,20,0
2022-02-05,21,0
2022-02-05,22,0
2022-02-05,23,0
2022-02-06,0,0
2022-02-06,1,0
2022-02-06,2,0
2022-02-06,3,0
2022-02-06,4,0
2022-02-06,5,0
2022-02-06,6,0
2022-02-06,7,0
2022-02-06,8,0
2022-02-06,9,0
2022-02-06,10,0
2022-02-06,11,0
2022-02-06,12,0
2022-02-06,13,0
2022-02-06,14,0
2022-02-06,15,0
2022-02-06,16,0
2022-02-06,17,0
2022-02-06,18,0
2022-02-06,19,0
2022-02-06,20,0
2022-02-06,21,0
2022-02-06,22,0
2022-02-06,23,0
2022-02-07,0,0
2022-02-07,1,0
2022-02-07,2,0
2022-02-07,3,0
2022-02-07,4,0
2022-02-07,5,0
2022-02-07,6,0
2022-02-07,7,0
2022-02-07,8,0
2022-02-07,9,0
2022-02-07,10,0
2022-02-07,11,0
2022-02-07,12,0
2022-02-07,13,0
2022-02-07,14,0
2022-02-07,15,0
2022-02-07,16,0
2022-02-07,17,0
2022-02-07,18,0
2022-02-07,19,0
2022-02-07,20,0
2022-02-07,21,0
2022-02-07,22,0
2022-02-07,23,0
2022-02-08,0,0
2022-02-08,1,0
2022-02-08,2,0
2022-02-08,3,0
2022-02-08,4,0
2022-02-08,5,0
2022-02-08,6,0
2022-02-08,7,0
2022-02-08,8,0
2022-02-08,9,0
2022-02-08,10,0
2022-02-08,11,0
2022-02-08,12,0
2022-02-08,13,0
2022-02-08,14,0
2022-02-08,15,0
2022-02-08,16,61
2022-02-08,17,13
2022-02-08,18,9
2022-02-08,19,7
2022-02-08,20,5
2022-02-08,21,7
2022-02-08,22,24
2022-02-08,23,61
2022-02-09,0,32
2022-02-09,1,20
2022-02-09,2,20
2022-02-09,3,22
2022-02-09,4,19
2022-02-09,5,22
2022-02-09,6,16
2022-02-09,7,51
2022-02-09,8,29
2022-02-09,9,35
2022-02-09,10,28
2022-02-09,11,28
2022-02-09,12,27
2022-02-09,13,21
2022-02-09,14,19
2022-02-09,15,20
2022-02-09,16,10
2022-02-09,17,5
2022-02-09,18,-2
2022-02-11,0,9
2022-02-11,1,10
2022-02-11,2,14
2022-02-11,3,10
2022-02-11,4,11
2022-02-11,5,15
2022-02-11,6,16
2022-02-11,7,24
2022-02-11,8,31
2022-02-11,9,39
2022-02-11,10,42
2022-02-11,11,34
2022-02-11,12,29
2022-02-11,13,21
2022-02-11,14,13
2022-02-11,15,9
2022-02-11,16,8
2022-02-11,17,7
2022-02-11,18,5
2022-02-11,19,2
2022-02-11,20,-1
2022-02-11,21,-2
2022-02-11,22,-3
2022-02-11,23,-1
2022-02-12,0,2
2022-02-12,1,24
2022-02-12,2,27
2022-02-12,3,17
2022-02-12,4,13
2022-02-12,5,10
2022-02-12,6,7
2022-02-12,7,26
2022-02-12,8,37
2022-02-12,9,37
2022-02-12,10,30
2022-02-12,11,46
2022-02-12,12,34
2022-02-12,13,22
2022-02-12,14,21
2022-02-12,15,10
2022-02-12,16,11
2022-02-12,17,10
2022-02-12,18,7
2022-02-12,19,2
2022-02-12,20,1
2022-02-12,21,5
2022-02-12,22,30
2022-02-12,23,43
2022-02-13,0,28
2022-02-13,1,15
2022-02-13,2,11
2022-02-13,3,11
2022-02-13,4,8
2022-02-13,5,5
2022-02-13,6,4
2022-02-13,7,8
2022-02-13,8,11
2022-02-13,9,15
2022-02-13,10,14
2022-02-13,11,11
2022-02-13,12,9
2022-02-13,13,9
2022-02-13,14,9
2022-02-13,15,11
2022-02-13,16,11
2022-02-13,17,13
2022-02-13,18,8
2022-02-13,19,5
2022-02-13,20,6
2022-02-13,21,8
2022-02-13,22,10
2022-02-13,23,6
2022-02-14,0,6
2022-02-14,1,13
2022-02-14,2,12
2022-02-14,3,9
2022-02-14,4,10
2022-02-14,5,9
2022-02-14,6,6
2022-02-14,7,7
2022-02-14,8,13
2022-02-14,9,10
2022-02-14,10,9
2022-02-14,11,5
2022-02-14,12,3
2022-02-14,13,12
2022-02-14,14,16
2022-02-14,15,13
2022-02-14,16,11
2022-02-14,17,19
2022-02-14,18,6
2022-02-14,19,14
2022-02-14,20,9
2022-02-14,21,18
2022-02-14,22,16
2022-02-14,23,20
2022-02-15,0,11
2022-02-15,1,9
2022-02-15,2,7
2022-02-15,3,5
2022-02-15,4,6
2022-02-15,5,10
2022-02-15,6,24
2022-02-15,7,42
2022-02-15,8,49
2022-02-15,9,37
2022-02-15,10,56
2022-02-15,11,23
2022-02-15,12,16
2022-02-15,13,25
2022-02-15,14,33
2022-02-15,15,1
2022-02-15,16,0
2022-02-15,17,5
2022-02-15,18,7
2022-02-15,19,3
2022-02-15,20,0
2022-02-15,21,4
2022-02-15,22,11
2022-02-15,23,11
2022-02-16,0,11
2022-02-16,1,6
2022-02-16,2,13
2022-02-16,3,11
2022-02-16,4,-6
2022-02-16,5,-7
2022-02-16,6,7
2022-02-16,7,9
2022-02-16,8,31
2022-02-16,9,34
2022-02-16,10,40
2022-02-16,11,21
2022-02-16,12,9
2022-02-16,13,5
2022-02-16,14,3
2022-02-16,15,6
2022-02-16,16,11
2022-02-16,17,26
2022-02-16,18,23
2022-02-16,19,4
2022-02-16,20,2
2022-02-16,21,-1
2022-02-16,22,-11
2022-02-16,23,-1
2022-02-17,0,7
2022-02-17,1,3
2022-02-17,2,0
2022-02-17,3,4
2022-02-17,4,4
2022-02-17,5,3
2022-02-17,6,4
2022-02-17,7,6
2022-02-17,8,12
2022-02-17,9,31
2022-02-17,10,15
2022-02-17,11,12
2022-02-17,12,8
2022-02-17,13,4
2022-02-17,14,28
2022-02-17,15,14
2022-02-17,16,9
2022-02-17,17,8
2022-02-17,18,7
2022-02-17,19,0
2022-02-17,20,-1
2022-02-17,21,2
2022-02-17,22,3
2022-02-17,23,1
2022-02-18,0,-3
2022-02-18,1,-2
2022-02-18,2,28
2022-02-18,3,17
2022-02-18,4,21
2022-02-18,5,28
2022-02-18,6,15
2022-02-18,7,14
2022-02-18,8,17
2022-02-18,9,26
2022-02-18,10,23
2022-02-18,11,14
2022-02-18,12,18
2022-02-18,13,12
2022-02-18,14,10
2022-02-18,15,29
2022-02-18,16,12
2022-02-18,17,6
2022-02-18,18,6
2022-02-18,19,6
2022-02-18,20,4
2022-02-18,21,5
2022-02-18,22,10
2022-02-18,23,12
2022-02-19,0,9
2022-02-19,1,54
2022-02-19,2,16
2022-02-19,3,36
2022-02-19,4,34
2022-02-19,5,18
2022-02-19,6,21
2022-02-19,7,10
2022-02-19,8,20
2022-02-19,9,18
2022-02-19,10,21
2022-02-19,11,10
2022-02-19,12,17
2022-02-19,13,22
2022-02-19,14,13
2022-02-19,15,33
2022-02-19,16,16
2022-02-19,17,-12
2022-02-19,18,-5
2022-02-19,19,16
2022-02-19,20,6
2022-02-19,21,10
2022-02-19,22,23
2022-02-19,23,23
2022-02-20,0,31
2022-02-20,1,25
2022-02-20,2,15
2022-02-20,3,12
2022-02-20,4,15
2022-02-20,5,9
2022-02-20,6,18
2022-02-20,7,11
2022-02-20,8,19
2022-02-20,9,13
2022-02-20,10,15
2022-02-20,11,12
2022-02-20,12,16
2022-02-20,13,12
2022-02-20,14,12
2022-02-20,15,11
2022-02-20,16,6
2022-02-20,17,7
2022-02-20,18,11
2022-02-20,19,8
2022-02-20,20,6
2022-02-20,21,13
2022-02-20,22,19
2022-02-20,23,15
2022-02-21,0,15
2022-02-21,1,62
2022-02-21,2,26
2022-02-21,3,15
2022-02-21,4,17
2022-02-21,5,22
2022-02-21,6,22
2022-02-21,7,19
2022-02-21,8,6
2022-02-21,9,21
2022-02-21,10,20
2022-02-21,11,11
2022-02-21,12,8
2022-02-21,13,8
2022-02-21,14,7
2022-02-21,15,6
2022-02-21,16,12
2022-02-21,17,8
2022-02-21,18,3
2022-02-21,19,6
2022-02-21,20,6
2022-02-21,21,9
2022-02-21,22,15
2022-02-21,23,14
2022-02-22,0,11
2022-02-22,1,10
2022-02-22,2,18
2022-02-22,3,13
2022-02-22,4,19
2022-02-22,5,42
2022-02-22,6,34
2022-02-22,7,53
2022-02-22,8,58
2022-02-22,9,71
2022-02-22,10,56
2022-02-22,11,15
2022-02-22,12,9
2022-02-22,13,11
2022-02-22,14,8
2022-02-22,15,6
2022-02-22,16,3
2022-02-22,17,3
2022-02-22,18,3
2022-02-22,19,5
2022-02-22,20,9
2022-02-22,21,7
2022-02-22,22,12
2022-02-22,23,16
2022-02-23,0,16
2022-02-23,1,75
2022-02-23,2,35
2022-02-23,3,61
2022-02-23,4,50
2022-02-23,5,49
2022-02-23,6,54
2022-02-23,7,39
2022-02-23,8,30
2022-02-23,9,24
2022-02-23,10,16
2022-02-23,11,29
2022-02-23,12,8
2022-02-23,13,7
2022-02-23,14,5
2022-02-23,15,10
2022-02-23,16,10
2022-02-23,17,9
2022-02-23,18,6
2022-02-23,19,16
2022-02-23,20,14
2022-02-23,21,23
2022-02-23,22,21
2022-02-23,23,23
2022-02-24,0,33
2022-02-24,1,17
2022-02-24,2,17
2022-02-24,3,18
2022-02-24,4,10
2022-02-24,5,13
2022-02-24,6,14
2022-02-24,7,22
2022-02-24,8,19
2022-02-24,9,23
2022-02-24,10,22
2022-02-24,11,33
2022-02-24,12,27
2022-02-24,13,28
2022-02-24,14,14
2022-02-24,15,11
2022-02-24,16,9
2022-02-24,17,11
2022-02-24,18,12
2022-02-24,19,10
2022-02-24,20,15
2022-02-24,21,20
2022-02-24,22,32
2022-02-24,23,27
2022-02-25,0,34
2022-02-25,1,53
2022-02-25,2,31
2022-02-25,3,30
2022-02-25,4,30
2022-02-25,5,27
2022-02-25,6,21
2022-02-25,7,20
2022-02-25,8,20
2022-02-25,9,25
2022-02-25,10,26
2022-02-25,11,19
2022-02-25,12,27
2022-02-25,13,27
2022-02-25,14,18
2022-02-25,15,18
2022-02-25,16,18
2022-02-25,17,17
2022-02-25,18,15
2022-02-25,19,19
2022-02-25,20,19
2022-02-25,21,19
2022-02-25,22,20
2022-02-25,23,13
2022-02-26,0,12
2022-02-26,1,8
2022-02-26,2,7
2022-02-26,3,12
2022-02-26,4,9
2022-02-26,5,25
2022-02-26,6,11
2022-02-26,7,6
2022-02-26,8,4
2022-02-26,9,3
2022-02-26,10,5
2022-02-26,11,12
2022-02-26,12,11
2022-02-26,13,15
2022-02-26,14,16
2022-02-26,15,16
2022-02-26,16,19
2022-02-26,17,15
2022-02-26,18,16
2022-02-26,19,15
2022-02-26,20,16
2022-02-26,21,21
2022-02-26,22,28
2022-02-26,23,34
2022-02-27,0,23
2022-02-27,1,27
2022-02-27,2,31
2022-02-27,3,41
2022-02-27,4,29
2022-02-27,5,21
2022-02-27,6,19
2022-02-27,7,15
2022-02-27,8,22
2022-02-27,9,16
2022-02-27,10,8
2022-02-27,11,11
2022-02-27,12,14
2022-02-27,13,11
2022-02-27,14,7
2022-02-27,15,7
2022-02-27,16,7
2022-02-27,17,6
2022-02-27,18,9
2022-02-27,19,9
2022-02-27,20,7
2022-02-27,21,97
2022-02-27,22,0
2022-02-27,23,79
2022-02-28,0,43
2022-02-28,1,21
2022-02-28,2,22
2022-02-28,3,17
2022-02-28,4,16
2022-02-28,5,11
2022-02-28,6,12
2022-02-28,7,14
2022-02-28,8,13
2022-02-28,9,13
2022-02-28,10,13
2022-02-28,11,16
2022-02-28,12,17
2022-02-28,13,14
2022-02-28,14,10
2022-02-28,15,17
2022-02-28,16,8
2022-02-28,17,12
2022-02-28,18,10
2022-02-28,19,8
2022-02-28,20,9
2022-02-28,21,19
2022-02-28,22,17
2022-02-28,23,12
2022-03-01,0,11
2022-03-01,1,19
2022-03-01,2,24
2022-03-01,3,17
2022-03-01,4,16
2022-03-01,5,17
2022-03-01,6,12
2022-03-01,7,18
2022-03-01,8,25
2022-03-01,9,44
2022-03-01,10,26
2022-03-01,11,17
2022-03-01,12,28
2022-03-01,13,23
2022-03-01,14,13
2022-03-01,15,14
2022-03-01,16,11
2022-03-01,17,8
2022-03-01,18,10
2022-03-01,19,12
2022-03-01,20,14
2022-03-01,21,16
2022-03-01,22,19
2022-03-01,23,36
2022-03-02,0,17
2022-03-02,1,13
2022-03-02,2,9
2022-03-02,3,10
2022-03-02,4,10
2022-03-02,5,23
2022-03-02,6,31
2022-03-02,7,34
2022-03-02,8,79
2022-03-02,9,121
2022-03-02,10,78
2022-03-02,11,45
2022-03-02,12,34
2022-03-02,13,58
2022-03-02,14,25
2022-03-02,15,7
2022-03-02,16,9
2022-03-02,17,13
2022-03-02,18,17
2022-03-02,19,14
2022-03-02,20,10
2022-03-02,21,18
2022-03-02,22,22
2022-03-02,23,31
2022-03-03,0,15
2022-03-03,1,16
2022-03-03,2,9
2022-03-03,3,10
2022-03-03,4,12
2022-03-03,5,15
2022-03-03,6,20
2022-03-03,7,24
2022-03-03,8,25
2022-03-03,9,12
2022-03-03,10,11
2022-03-03,11,20
2022-03-03,12,5
2022-03-03,13,11
2022-03-03,14,13
2022-03-03,15,12
2022-03-03,16,10
2022-03-03,17,11
2022-03-03,18,8
2022-03-03,19,17
2022-03-03,20,38
2022-03-03,21,41
2022-03-03,22,30
2022-03-03,23,7
2022-03-04,0,10
2022-03-04,1,14
2022-03-04,2,29
2022-03-04,3,20
2022-03-04,4,24
2022-03-04,5,16
2022-03-04,6,14
2022-03-04,7,17
2022-03-04,8,18
2022-03-04,9,30
2022-03-04,10,25
2022-03-04,11,29
2022-03-04,12,25
2022-03-04,13,12
2022-03-04,14,20
2022-03-04,15,26
2022-03-04,16,11
2022-03-04,17,11
2022-03-04,18,9
2022-03-04,19,8
2022-03-04,20,17
2022-03-04,21,10
2022-03-04,22,22
2022-03-04,23,21
2022-03-05,0,15
2022-03-05,1,12
2022-03-05,2,18
2022-03-05,3,13
2022-03-05,4,14
2022-03-05,5,9
2022-03-05,6,46
2022-03-05,7,25
2022-03-05,8,20
2022-03-05,9,19
2022-03-05,10,19
2022-03-05,11,19
2022-03-05,12,14
2022-03-05,13,11
2022-03-05,14,11
2022-03-05,15,14
2022-03-05,16,13
2022-03-05,17,10
2022-03-05,18,7
2022-03-05,19,5
2022-03-05,20,6
2022-03-05,21,6
2022-03-05,22,6
2022-03-05,23,-2
2022-03-06,0,1
2022-03-06,1,24
2022-03-06,2,26
2022-03-06,3,13
2022-03-06,4,11
2022-03-06,5,19
2022-03-06,6,22
2022-03-06,7,12
2022-03-06,8,20
2022-03-06,9,19
2022-03-06,10,12
2022-03-06,11,15
2022-03-06,12,13
2022-03-06,13,10
2022-03-06,14,6
2022-03-06,15,4
2022-03-06,16,5
2022-03-06,17,6
2022-03-06,18,11
2022-03-06,19,10
2022-03-06,20,5
2022-03-06,21,-6
2022-03-06,22,-6
2022-03-06,23,8
2022-03-07,0,18
2022-03-07,1,25
2022-03-07,2,18
2022-03-07,3,54
2022-03-07,4,27
2022-03-07,5,24
2022-03-07,6,18
2022-03-07,7,14
2022-03-07,8,19
2022-03-07,9,30
2022-03-07,10,39
2022-03-07,11,23
2022-03-07,12,18
2022-03-07,13,7
2022-03-07,14,31
2022-03-07,15,14
2022-03-07,16,11
2022-03-07,17,11
2022-03-07,18,8
2022-03-07,19,9
2022-03-07,20,7
2022-03-07,21,9
2022-03-07,22,8
2022-03-07,23,5
2022-03-08,0,12
2022-03-08,1,12
2022-03-08,2,5
2022-03-08,3,-3
2022-03-08,4,3
2022-03-08,5,14
2022-03-08,6,12
2022-03-08,7,20
2022-03-08,8,15
2022-03-08,9,27
2022-03-08,10,23
2022-03-08,11,16
2022-03-08,12,12
2022-03-08,13,10
2022-03-08,14,10
2022-03-08,15,36
2022-03-08,16,23
2022-03-08,17,19
2022-03-08,18,18
2022-03-08,19,14
2022-03-08,20,15
2022-03-08,21,11
2022-03-08,22,9
2022-03-12,0,8
2022-03-12,1,33
2022-03-12,2,47
2022-03-12,3,52
2022-03-12,4,30
2022-03-12,5,21
2022-03-12,6,29
2022-03-12,7,30
2022-03-12,8,31
2022-03-12,9,19
2022-03-12,10,38
2022-03-12,11,53
2022-03-12,12,44
2022-03-12,13,34
2022-03-12,14,21
2022-03-12,15,20
2022-03-12,16,16
2022-03-12,17,18
2022-03-12,18,17
2022-03-12,19,12
2022-03-12,20,10
2022-03-12,21,20
2022-03-12,22,18
2022-03-12,23,16
2022-03-13,0,12
2022-03-13,1,11
2022-03-13,2,15
2022-03-13,3,11
2022-03-13,4,12
2022-03-13,5,16
2022-03-13,6,9
2022-03-13,7,14
2022-03-13,8,22
2022-03-13,9,20
2022-03-13,10,23
2022-03-13,11,17
2022-03-13,12,16
2022-03-13,13,13
2022-03-13,14,23
2022-03-13,15,9
2022-03-13,16,9
2022-03-13,17,9
2022-03-13,18,8
2022-03-13,19,8
2022-03-13,20,6
2022-03-13,21,8
2022-03-13,22,8
2022-03-13,23,5
2022-03-14,0,10
2022-03-14,1,17
2022-03-14,2,15
2022-03-14,3,10
2022-03-14,4,12
2022-03-14,5,10
2022-03-14,6,14
2022-03-14,7,17
2022-03-14,8,19
2022-03-14,9,21
2022-03-14,10,27
2022-03-14,11,16
2022-03-14,12,22
2022-03-14,13,7
2022-03-14,14,8
2022-03-14,15,4
2022-03-14,16,11
2022-03-14,17,8
2022-03-14,18,5
2022-03-14,19,6
2022-03-14,20,6
2022-03-14,21,4
2022-03-14,22,7
2022-03-14,23,7
2022-03-15,0,11
2022-03-15,1,11
2022-03-15,2,7
2022-03-15,3,5
2022-03-15,4,24
2022-03-15,5,13
2022-03-15,6,11
2022-03-15,7,8
2022-03-15,8,7
2022-03-15,9,7
2022-03-16,11,24
2022-03-16,12,27
2022-03-16,13,14
2022-03-16,14,13
2022-03-16,15,11
2022-03-16,16,13
2022-03-16,17,9
2022-03-16,18,6
2022-03-16,19,9
2022-03-16,20,23
2022-03-16,21,17
2022-03-16,22,13
2022-03-16,23,14
2022-03-17,0,10
2022-03-17,1,6
2022-03-17,2,5
2022-03-17,3,10
2022-03-17,4,10
2022-03-17,5,13
2022-03-17,6,11
2022-03-17,7,9
2022-03-17,8,12
2022-03-17,9,15
2022-03-17,10,12
2022-03-17,11,10
2022-03-17,12,7
2022-03-17,13,32
2022-03-17,14,8
2022-03-17,15,5
2022-03-17,16,6
2022-03-17,17,5
2022-03-17,18,5
2022-03-17,19,5
2022-03-17,20,6
2022-03-17,21,13
2022-03-17,22,10
2022-03-17,23,6
2022-03-18,0,4
2022-03-18,1,11
2022-03-18,2,13
2022-03-18,3,18
2022-03-18,4,19
2022-03-18,5,9
2022-03-18,6,21
2022-03-18,7,52
2022-03-18,8,41
2022-03-18,9,36
2022-03-18,10,34
2022-03-18,11,30
2022-03-18,12,6
2022-03-18,13,5
2022-03-18,14,5
2022-03-18,15,6
2022-03-18,16,6
2022-03-18,17,4
2022-03-18,18,3
2022-03-18,19,1
2022-03-18,20,-1
2022-03-18,21,5
2022-03-18,22,8
2022-03-18,23,18
2022-03-19,0,16
2022-03-19,1,16
2022-03-19,2,42
2022-03-19,3,21
2022-03-19,4,60
2022-03-19,5,33
2022-03-19,6,43
2022-03-19,7,66
2022-03-19,8,49
2022-03-19,9,40
2022-03-19,10,26
2022-03-19,11,24
2022-03-19,12,22
2022-03-19,13,19
2022-03-19,14,6
2022-03-19,15,8
2022-03-19,16,6
2022-03-19,17,8
2022-03-19,18,7
2022-03-19,19,5
2022-03-19,20,8
2022-03-19,21,15
2022-03-19,22,30
2022-03-19,23,27
2022-03-20,0,21
2022-03-20,1,23
2022-03-20,2,31
2022-03-20,3,25
2022-03-20,4,19
2022-03-20,5,18
2022-03-20,6,27
2022-03-20,7,24
2022-03-20,8,19
2022-03-20,9,16
2022-03-20,10,18
2022-03-20,11,24
2022-03-20,12,19
2022-03-20,13,22
2022-03-20,14,21
2022-03-20,15,11
2022-03-20,16,11
2022-03-20,17,10
2022-03-20,18,10
2022-03-20,19,9
2022-03-20,20,7
2022-03-20,21,18
2022-03-20,22,14
2022-03-20,23,10
2022-03-21,0,8
2022-03-21,1,12
2022-03-21,2,17
2022-03-21,3,20
2022-03-21,4,13
2022-03-21,5,16
2022-03-21,6,13
2022-03-21,7,19
2022-03-21,8,19
2022-03-21,9,15
2022-03-21,10,14
2022-03-21,11,13
2022-03-21,12,8
2022-03-21,13,13
2022-03-21,14,27
2022-03-21,15,50
2022-03-21,16,22
2022-03-21,17,11
2022-03-21,18,25
2022-03-21,19,6
2022-03-21,20,20
2022-03-21,21,12
2022-03-21,22,8
2022-03-21,23,2
2022-03-22,0,1
2022-03-22,1,7
2022-03-22,2,14
2022-03-22,3,14
2022-03-22,4,13
2022-03-22,5,9
2022-03-22,6,12
2022-03-22,7,14
2022-03-22,8,12
2022-03-22,9,22
2022-03-22,10,17
2022-03-22,11,14
2022-03-22,12,10
2022-03-22,13,10
2022-03-22,14,9
2022-03-22,15,9
2022-03-22,16,13
2022-03-22,17,13
2022-03-22,18,9
2022-03-22,19,11
2022-03-22,20,17
2022-03-22,21,8
2022-03-22,22,7
2022-03-22,23,7
2022-03-23,0,11
2022-03-23,1,11
2022-03-23,2,10
2022-03-23,3,16
2022-03-23,4,23
2022-03-23,5,32
2022-03-23,6,32
2022-03-23,7,32
2022-03-23,8,39
2022-03-23,9,44
2022-03-23,10,39
2022-03-23,11,21
2022-03-23,12,10
2022-03-23,13,9
2022-03-23,14,9
2022-03-23,15,9
2022-03-23,16,28
2022-03-23,17,13
2022-03-23,18,16
2022-03-23,19,9
2022-03-23,20,9
2022-03-23,21,19
2022-03-23,22,10
2022-03-23,23,13
2022-03-24,0,13
2022-03-24,1,15
2022-03-24,2,61
2022-03-24,3,21
2022-03-24,4,15
2022-03-24,5,13
2022-03-24,6,13
2022-03-24,7,9
2022-03-24,8,15
2022-03-24,9,14
2022-03-24,10,15
2022-03-24,11,11
2022-03-24,12,10
2022-03-24,13,10
2022-03-24,14,8
2022-03-24,15,8
2022-03-24,16,6
2022-03-24,17,12
2022-03-24,18,11
2022-03-24,19,8
2022-03-24,20,8
2022-03-24,21,15
2022-03-24,22,17
2022-03-24,23,25
2022-03-25,0,21
2022-03-25,1,18
2022-03-25,2,14
2022-03-25,3,8
2022-03-25,4,12
2022-03-25,5,11
2022-03-25,6,14
2022-03-25,7,12
2022-03-25,8,13
2022-03-25,9,15
2022-03-25,10,17
2022-03-25,11,20
2022-03-25,12,13
2022-03-25,13,16
2022-03-25,14,10
2022-03-25,15,7
2022-03-25,16,12
2022-03-25,17,11
2022-03-25,18,7
2022-03-25,19,15
2022-03-25,20,11
2022-03-25,21,21
2022-03-25,22,45
2022-03-25,23,28
2022-03-26,0,21
2022-03-26,1,18
2022-03-26,2,17
2022-03-26,3,22
2022-03-26,4,36
2022-03-26,5,50
2022-03-26,6,30
2022-03-26,7,29
2022-03-26,8,25
2022-03-26,9,34
2022-03-26,10,14
2022-03-26,11,21
2022-03-26,12,29
2022-03-26,13,17
2022-03-26,14,20
2022-03-26,15,20
2022-03-26,16,6
2022-03-26,17,10
2022-03-26,18,10
2022-03-26,19,12
2022-03-26,20,14
2022-03-26,21,19
2022-03-26,22,19
2022-03-26,23,13
2022-03-27,0,13
2022-03-27,1,11
2022-03-27,2,15
2022-03-27,3,19
2022-03-27,4,21
2022-03-27,5,24
2022-03-27,6,56
2022-03-27,7,28
2022-03-27,8,20
2022-03-27,9,14
2022-03-27,10,16
2022-03-27,11,11
2022-03-27,12,18
2022-03-27,13,22
2022-03-27,14,19
2022-03-27,15,16
2022-03-27,16,12
2022-03-27,17,12
2022-03-27,18,15
2022-03-27,19,13
2022-03-27,20,19
2022-03-27,21,24
2022-03-27,22,20
2022-03-27,23,22
2022-03-28,0,21
2022-03-28,1,13
2022-03-28,2,21
2022-03-28,3,19
2022-03-28,4,25
2022-03-28,5,20
2022-03-28,6,27
2022-03-28,7,35
2022-03-28,8,49
2022-03-28,9,50
2022-03-28,10,47
2022-03-28,11,34
2022-03-28,12,18
2022-03-28,13,17
2022-03-28,14,13
2022-03-28,15,12
2022-03-28,16,9
2022-03-28,17,17
2022-03-28,18,10
2022-03-28,19,9
2022-03-28,20,7
2022-03-28,21,11
2022-03-28,22,16
2022-03-28,23,23
2022-03-29,0,18
2022-03-29,1,15
2022-03-29,2,18
2022-03-29,3,16
2022-03-29,4,20
2022-03-29,5,17
2022-03-29,6,12
2022-03-29,7,17
2022-03-29,8,20
2022-03-29,9,22
2022-03-29,10,18
2022-03-29,11,16
2022-03-29,12,10
2022-03-29,13,13
2022-03-29,14,13
2022-03-29,15,16
2022-03-29,16,23
2022-03-29,17,15
2022-03-29,18,16
2022-03-29,19,13
2022-03-29,20,12
2022-03-29,21,7
2022-03-29,22,5
2022-03-29,23,8
2022-03-30,0,8
2022-03-30,1,7
2022-03-30,2,12
2022-03-30,3,10
2022-03-30,4,5
2022-03-30,5,5
2022-03-30,6,9
2022-03-30,7,9
2022-03-30,8,14
2022-03-30,9,17
2022-03-30,10,14
2022-03-30,11,12
2022-03-30,12,20
2022-03-30,13,44
2022-03-30,14,43
2022-03-30,15,40
2022-03-30,16,20
2022-03-30,17,21
2022-03-30,18,20
2022-03-30,19,10
2022-03-30,20,19
2022-03-30,21,8
2022-03-30,22,1
2022-03-30,23,-3
2022-03-31,0,5
2022-03-31,1,12
2022-03-31,2,11
2022-03-31,3,19
2022-03-31,4,20
2022-03-31,5,18
2022-03-31,6,13
2022-03-31,7,14
2022-03-31,8,16
2022-03-31,9,15
2022-03-31,10,18
2022-03-31,11,11
2022-03-31,12,7
2022-03-31,13,9
2022-03-31,14,23
2022-03-31,15,13
2022-03-31,16,12
2022-03-31,17,9
2022-03-31,18,10
2022-03-31,19,5
2022-03-31,20,4
2022-03-31,21,6
2022-03-31,22,5
2022-03-31,23,8
2022-04-01,0,10
2022-04-01,1,25
2022-04-01,2,22
2022-04-01,3,31
2022-04-01,4,45
2022-04-01,5,28
2022-04-01,6,26
2022-04-01,7,26
2022-04-01,8,30
2022-04-01,9,51
2022-04-01,10,38
2022-04-01,11,21
2022-04-01,12,36
2022-04-01,13,19
2022-04-01,14,26
2022-04-01,15,24
2022-04-01,16,17
2022-04-01,17,10
2022-04-01,18,11
2022-04-01,19,13
2022-04-01,20,8
2022-04-01,21,6
2022-04-01,22,4
2022-04-01,23,4
2022-04-02,0,11
2022-04-02,1,9
2022-04-02,2,8
2022-04-02,3,9
2022-04-02,4,29
2022-04-02,5,25
2022-04-02,6,32
2022-04-02,7,43
2022-04-02,8,88
2022-04-02,9,75
2022-04-02,10,49
2022-04-02,11,30
2022-04-02,12,9
2022-04-02,13,8
2022-04-02,14,6
2022-04-02,15,0
2022-04-02,16,0
2022-04-02,17,0
2022-04-02,18,0
2022-04-02,19,58
2022-04-02,20,0
2022-04-02,21,50
2022-04-02,22,14
2022-04-02,23,0
2022-04-03,0,0
2022-04-03,1,58
2022-04-03,2,4
2022-04-03,4,11
2022-04-03,5,10
2022-04-03,6,44
2022-04-03,7,35
2022-04-03,8,31
2022-04-03,9,21
2022-04-03,10,16
2022-04-03,11,17
2022-04-03,12,25
2022-04-03,13,12
2022-04-03,14,16
2022-04-03,15,25
2022-04-03,16,7
2022-04-03,17,8
2022-04-03,18,6
2022-04-03,19,4
2022-04-03,20,3
2022-04-03,21,2
2022-04-03,22,1
2022-04-03,23,2
2022-04-04,0,1
2022-04-04,1,-2
2022-04-04,2,-6
2022-04-04,3,-5
2022-04-04,4,-4
2022-04-04,5,-1
2022-04-04,6,3
2022-04-04,7,0
2022-04-04,8,-1
2022-04-04,9,8
2022-04-04,10,12
2022-04-04,11,12
2022-04-04,12,12
2022-04-04,13,12
2022-04-04,14,23
2022-04-04,15,45
2022-04-04,16,26
2022-04-04,17,17
2022-04-04,18,12
2022-04-04,19,36
2022-04-04,20,22
2022-04-04,21,11
2022-04-04,22,14
2022-04-04,23,9
2022-04-05,0,6
2022-04-05,1,6
2022-04-05,2,4
2022-04-05,3,8
2022-04-05,4,5
2022-04-05,5,0
2022-04-05,6,5
2022-04-05,7,17
2022-04-05,8,22
2022-04-05,9,32
2022-04-05,10,28
2022-04-05,11,16
2022-04-05,12,14
2022-04-05,13,18
2022-04-05,14,7
2022-04-05,15,23
2022-04-05,16,25
2022-04-05,17,13
2022-04-05,18,14
2022-04-05,19,12
2022-04-05,20,21
2022-04-05,21,20
2022-04-05,22,6
2022-04-05,23,15
2022-04-06,0,15
2022-04-06,1,13
2022-04-06,2,10
2022-04-06,3,3
2022-04-06,4,0
2022-04-06,5,30
2022-04-06,6,52
2022-04-06,7,50
2022-04-06,8,57
2022-04-06,9,61
2022-04-06,10,70
2022-04-06,11,43
2022-04-06,12,29
2022-04-06,13,19
2022-04-06,14,21
2022-04-06,15,16
2022-04-06,16,30
2022-04-06,17,10
2022-04-06,18,11
2022-04-06,19,20
2022-04-06,20,9
2022-04-06,21,7
2022-04-06,22,10
2022-04-06,23,15
2022-04-07,0,23
2022-04-07,1,14
2022-04-07,2,28
2022-04-07,3,54
2022-04-07,4,42
2022-04-07,5,3
2022-04-07,6,13
2022-04-07,7,31
2022-04-07,8,27
2022-04-07,9,46
2022-04-07,10,46
2022-04-07,11,42
2022-04-07,12,162
2022-04-07,13,0
2022-04-07,14,0
2022-04-07,15,0
2022-04-07,16,0
2022-04-07,17,0
2022-04-07,18,0
2022-04-07,19,0
2022-04-07,20,0
2022-04-07,21,0
2022-04-07,22,0
2022-04-07,23,0
2022-04-08,0,0
2022-04-08,1,0
2022-04-08,2,0
2022-04-08,3,0
2022-04-08,4,0
2022-04-08,5,0
2022-04-08,6,0
2022-04-08,7,156
2022-04-08,8,142
2022-04-08,9,136
2022-04-08,10,141
2022-04-08,11,0
2022-04-08,12,0
2022-04-08,13,68
2022-04-08,14,14
2022-04-08,15,26
2022-04-08,16,17
2022-04-08,17,10
2022-04-08,18,8
2022-04-08,19,7
2022-04-08,20,10
2022-04-08,21,9
2022-04-08,22,14
2022-04-08,23,18
2022-04-09,0,15
2022-04-09,1,10
2022-04-09,2,20
2022-04-09,3,23
2022-04-09,4,14
2022-04-09,5,14
2022-04-09,6,10
2022-04-09,7,9
2022-04-09,8,14
2022-04-09,9,15
2022-04-09,10,18
2022-04-09,11,16
2022-04-09,12,19
2022-04-09,13,28
2022-04-09,14,29
2022-04-09,15,21
2022-04-09,16,13
2022-04-09,17,24
2022-04-09,18,12
2022-04-09,19,7
2022-04-09,20,7
2022-04-09,21,7
2022-04-09,22,10
2022-04-09,23,9
2022-04-10,0,14
2022-04-10,1,17
2022-04-10,2,16
2022-04-10,3,13
2022-04-10,4,14
2022-04-10,5,19
2022-04-10,6,17
2022-04-10,7,13
2022-04-10,8,12
2022-04-10,9,15
2022-04-10,10,20
2022-04-10,11,11
2022-04-10,12,13
2022-04-10,13,11
2022-04-10,14,12
2022-04-10,15,30
2022-04-10,16,11
2022-04-10,17,8
2022-04-10,18,4
2022-04-10,19,16
2022-04-10,20,4
2022-04-10,21,4
2022-04-10,22,1
2022-04-10,23,1
2022-04-11,0,2
2022-04-11,1,3
2022-04-11,2,5
2022-04-11,3,6
2022-04-11,4,6
2022-04-11,5,4
2022-04-11,6,1
2022-04-11,7,3
2022-04-11,8,5
2022-04-11,9,22
2022-04-11,10,13
2022-04-11,11,9
2022-04-11,12,12
2022-04-11,13,9
2022-04-11,14,6
2022-04-11,15,7
2022-04-11,16,5
2022-04-11,17,4
2022-04-11,18,1
2022-04-11,19,1
2022-04-11,20,3
2022-04-11,21,2
2022-04-11,22,0
2022-04-11,23,0
2022-04-12,0,1
2022-04-12,1,-1
2022-04-12,2,3
2022-04-12,3,5
2022-04-12,4,12
2022-04-12,5,11
2022-04-12,6,9
2022-04-12,7,10
2022-04-12,8,10
2022-04-12,9,11
2022-04-12,10,8
2022-04-12,11,11
2022-04-12,12,7
2022-04-12,13,8
2022-04-12,14,7
2022-04-12,15,11
2022-04-12,16,13
2022-04-12,17,7
2022-04-12,18,0
2022-04-12,20,6
2022-04-12,21,3
2022-04-12,22,5
2022-04-12,23,7
2022-04-13,0,5
2022-04-13,1,2
2022-04-13,2,5
2022-04-13,3,9
2022-04-13,4,11
2022-04-13,5,14
2022-04-13,6,27
2022-04-13,7,28
2022-04-13,8,16
2022-04-13,9,13
2022-04-13,10,30
2022-04-13,11,35
2022-04-13,12,17
2022-04-13,13,11
2022-04-13,14,8
2022-04-13,15,7
2022-04-13,16,5
2022-04-13,17,7
2022-04-13,18,6
2022-04-13,19,3
2022-04-13,20,1
2022-04-13,21,2
2022-04-13,22,11
2022-04-13,23,17
2022-04-14,0,16
2022-04-14,1,14
2022-04-14,2,11
2022-04-14,3,10
2022-04-14,4,21
2022-04-14,5,25
2022-04-14,6,22
2022-04-14,7,22
2022-04-14,8,20
2022-04-14,9,28
2022-04-14,10,30
2022-04-14,11,25
2022-04-14,12,30
2022-04-14,13,22
2022-04-14,14,14
2022-04-14,15,18
2022-04-14,16,7
2022-04-14,17,8
2022-04-14,18,5
2022-04-14,19,5
2022-04-14,20,5
2022-04-14,21,4
2022-04-14,22,5
2022-04-14,23,11
2022-04-15,0,8
2022-04-15,1,11
2022-04-15,2,23
2022-04-15,3,22
2022-04-15,4,27
2022-04-15,5,18
2022-04-15,6,21
2022-04-15,7,16
2022-04-15,8,21
2022-04-15,9,27
2022-04-15,10,29
2022-04-15,11,28
2022-04-15,12,24
2022-04-15,13,20
2022-04-15,14,13
2022-04-15,15,11
2022-04-15,16,3
2022-04-15,17,0
2022-04-15,18,1
2022-04-15,19,2
2022-04-15,20,2
2022-04-15,21,2
2022-04-15,22,3
2022-04-15,23,5
2022-04-16,0,4
2022-04-16,1,6
2022-04-16,2,12
2022-04-16,3,16
2022-04-16,4,19
2022-04-16,5,23
2022-04-16,6,18
2022-04-16,7,26
2022-04-16,8,21
2022-04-16,9,25
2022-04-16,10,19
2022-04-16,11,22
2022-04-16,12,23
2022-04-16,13,21
2022-04-16,14,23
2022-04-16,15,5
2022-04-16,16,7
2022-04-16,17,4
2022-04-16,18,76
2022-04-16,19,14
2022-04-16,20,8
2022-04-16,21,5
2022-04-16,22,16
2022-04-16,23,12
2022-04-17,0,11
2022-04-17,1,8
2022-04-17,2,12
2022-04-17,3,38
2022-04-17,4,42
2022-04-17,5,26
2022-04-17,6,33
2022-04-17,7,36
2022-04-17,8,29
2022-04-17,9,27
2022-04-17,10,23
2022-04-17,11,37
2022-04-17,12,32
2022-04-17,13,30
2022-04-17,14,17
2022-04-17,15,2
2022-04-17,16,5
2022-04-17,17,3
2022-04-17,18,0
2022-04-17,19,4
2022-04-17,20,5
2022-04-17,21,4
2022-04-17,22,18
2022-04-17,23,23
2022-04-18,0,15
2022-04-18,1,20
2022-04-18,2,18
2022-04-18,3,19
2022-04-18,4,19
2022-04-18,5,15
2022-04-18,6,18
2022-04-18,7,14
2022-04-18,8,26
2022-04-18,9,25
2022-04-18,10,31
2022-04-18,11,32
2022-04-18,12,34
2022-04-18,13,35
2022-04-18,14,29
2022-04-18,15,26
2022-04-18,16,23
2022-04-18,17,23
2022-04-18,18,16
2022-04-18,19,19
2022-04-18,20,14
2022-04-18,21,15
2022-04-18,22,15
2022-04-18,23,61
2022-04-19,0,10
2022-04-19,1,16
2022-04-19,2,49
2022-04-19,3,26
2022-04-19,4,30
2022-04-19,5,32
2022-04-19,6,35
2022-04-19,7,38
2022-04-19,8,28
2022-04-19,9,32
2022-04-19,10,38
2022-04-19,11,31
2022-04-19,12,23
2022-04-19,13,27
2022-04-19,15,0
2022-04-19,16,59
2022-04-19,17,9
2022-04-19,18,7
2022-04-19,19,9
2022-04-19,20,9
2022-04-19,21,13
2022-04-19,22,13
2022-04-19,23,14
2022-04-20,0,42
2022-04-20,1,26
2022-04-20,2,26
2022-04-20,3,23
2022-04-20,4,20
2022-04-20,5,23
2022-04-20,6,17
2022-04-20,7,20
2022-04-20,8,13
2022-04-20,9,17
2022-04-20,10,23
2022-04-20,11,19
2022-04-20,12,12
2022-04-20,13,14
2022-04-20,14,14
2022-04-20,15,10
2022-04-20,16,6
2022-04-20,17,3
2022-04-20,18,3
2022-04-20,19,7
2022-04-20,20,5
2022-04-20,21,9
2022-04-20,22,9
2022-04-20,23,10
2022-04-21,0,6
2022-04-21,1,-3
2022-04-21,2,-11
2022-04-21,3,-6
2022-04-21,4,6
2022-04-21,5,20
2022-04-21,6,40
2022-04-21,7,25
2022-04-21,8,8
2022-04-21,9,23
2022-04-21,10,28
2022-04-21,11,24
2022-04-21,12,17
2022-04-21,13,13
2022-04-21,14,20
2022-04-21,15,17
2022-04-21,16,20
2022-04-21,17,38
2022-04-21,18,11
2022-04-21,19,7
2022-04-21,20,6
2022-04-21,21,8
2022-04-21,22,8
2022-04-21,23,83
2022-04-22,0,10
2022-04-22,1,-11
2022-04-22,2,-13
2022-04-22,3,1
2022-04-22,4,4
2022-04-22,5,3
2022-04-22,6,17
2022-04-22,7,19
2022-04-22,8,11
2022-04-22,9,8
2022-04-22,10,7
2022-04-22,11,10
2022-04-22,12,14
2022-04-22,13,16
2022-04-22,14,15
2022-04-22,15,18
2022-04-22,16,18
2022-04-22,17,22
2022-04-22,18,32
2022-04-22,19,13
2022-04-22,20,18
2022-04-22,21,12
2022-04-22,22,11
2022-04-22,23,8
2022-04-23,0,2
2022-04-23,1,-9
2022-04-23,2,-12
2022-04-23,3,6
2022-04-23,4,9
2022-04-23,5,6
2022-04-23,6,12
2022-04-23,7,23
2022-04-23,8,17
2022-04-23,9,21
2022-04-23,10,20
2022-04-23,11,8
2022-04-23,12,8
2022-04-23,13,9
2022-04-23,14,12
2022-04-23,15,9
2022-04-23,16,11
2022-04-23,17,29
2022-04-23,18,12
2022-04-23,19,8
2022-04-23,20,8
2022-04-23,21,7
2022-04-23,22,4
2022-04-23,23,2
2022-04-24,0,-1
2022-04-24,1,-4
2022-04-24,2,-8
2022-04-24,3,-12
2022-04-24,4,2
2022-04-24,5,6
2022-04-24,6,7
2022-04-24,7,17
2022-04-24,8,16
2022-04-24,9,21
2022-04-24,10,20
2022-04-24,11,20
2022-04-24,12,14
2022-04-24,13,14
2022-04-24,14,21
2022-04-24,15,16
2022-04-24,16,18
2022-04-24,17,30
2022-04-24,18,13
2022-04-24,19,11
2022-04-24,20,11
2022-04-24,21,10
2022-04-24,22,6
2022-04-24,23,0
2022-04-25,0,-5
2022-04-25,1,-9
2022-04-25,2,-12
2022-04-25,3,-12
2022-04-25,4,-9
2022-04-25,5,0
2022-04-25,6,5
2022-04-25,7,12
2022-04-25,8,25
2022-04-25,9,31
2022-04-25,10,18
2022-04-25,11,20
2022-04-25,12,17
2022-04-25,13,12
2022-04-25,14,7
2022-04-25,15,9
2022-04-25,16,11
2022-04-25,17,24
2022-04-25,18,14
2022-04-25,19,10
2022-04-25,20,7
2022-04-25,21,14
2022-04-25,22,8
2022-04-25,23,4
2022-04-26,0,13
2022-04-26,1,16
2022-04-26,2,26
2022-04-26,3,34
2022-04-26,4,20
2022-04-26,5,21
2022-04-26,6,27
2022-04-26,7,25
2022-04-26,8,27
2022-04-26,9,21
2022-04-26,10,25
2022-04-26,11,23
2022-04-26,12,14
2022-04-26,13,24
2022-04-26,14,25
2022-04-26,15,29
2022-04-26,16,21
2022-04-26,17,22
2022-04-26,18,15
2022-04-26,19,19
2022-04-26,20,23
2022-04-26,21,-10
2022-04-26,22,3
2022-04-26,23,4
2022-04-27,0,5
2022-04-27,1,1
2022-04-27,2,-2
2022-04-27,3,2
2022-04-27,4,4
2022-04-27,5,5
2022-04-27,6,5
2022-04-27,7,6
2022-04-27,8,10
2022-04-27,9,8
2022-04-27,10,13
2022-04-27,11,10
2022-04-27,12,6
2022-04-27,13,7
2022-04-27,14,6
2022-04-27,15,0
2022-04-27,16,0
2022-04-27,17,80
2022-04-27,18,24
2022-04-27,19,21
2022-04-27,20,34
2022-04-27,21,29
2022-04-27,22,25
2022-04-27,23,42
2022-04-28,0,146
2022-04-28,1,128
2022-04-28,2,19
2022-04-28,3,7
2022-04-28,4,9
2022-04-28,5,17
2022-04-28,6,17
2022-04-28,7,12
2022-04-28,8,12
2022-04-28,9,20
2022-04-28,10,29
2022-04-28,11,52
2022-04-28,12,22
2022-04-28,13,20
2022-04-28,14,15
2022-04-28,15,11
2022-04-28,16,12
2022-04-28,17,19
2022-04-28,18,10
2022-04-28,19,10
2022-04-28,20,9
2022-04-28,21,17
2022-04-28,22,14
2022-04-28,23,26
2022-04-29,0,14
2022-04-29,1,10
2022-04-29,2,8
2022-04-29,3,7
2022-04-29,4,9
2022-04-29,5,18
2022-04-29,6,22
2022-04-29,7,19
2022-04-29,8,22
2022-04-29,9,25
2022-04-29,10,30
2022-04-29,11,40
2022-04-29,12,36
2022-04-29,13,29
2022-04-29,14,12
2022-04-29,15,12
2022-04-29,16,7
2022-04-29,17,6
2022-04-29,18,7
2022-04-29,19,4
2022-04-29,20,6
2022-04-29,21,6
2022-04-29,22,8
2022-04-29,23,16
2022-04-30,0,17
2022-04-30,1,7
2022-04-30,2,8
2022-04-30,3,6
2022-04-30,4,6
2022-04-30,5,12
2022-04-30,6,18
2022-04-30,7,23
2022-04-30,8,25
2022-04-30,9,26
2022-04-30,10,26
2022-04-30,11,27
2022-04-30,12,27
2022-04-30,13,29
2022-04-30,14,12
2022-04-30,15,9
2022-04-30,16,12
2022-04-30,17,14
2022-04-30,18,9
2022-04-30,19,6
2022-04-30,20,8
2022-04-30,21,7
2022-04-30,22,18
2022-04-30,23,29
2022-05-01,0,31
2022-05-01,1,23
2022-05-01,2,17
2022-05-01,3,28
2022-05-01,4,37
2022-05-01,5,30
2022-05-01,6,31
2022-05-01,7,38
2022-05-01,8,30
2022-05-01,9,31
2022-05-01,10,38
2022-05-01,11,33
2022-05-01,12,26
2022-05-01,13,41
2022-05-01,14,33
2022-05-01,15,21
2022-05-01,16,24
2022-05-01,17,17
2022-05-01,18,15
2022-05-01,19,15
2022-05-01,20,13
2022-05-01,21,16
2022-05-01,22,23
2022-05-01,23,25
2022-05-02,0,22
2022-05-02,1,19
2022-05-02,2,24
2022-05-02,3,22
2022-05-02,4,24
2022-05-02,5,20
2022-05-02,6,22
2022-05-02,7,21
2022-05-02,8,27
2022-05-02,9,31
2022-05-02,10,30
2022-05-02,11,32
2022-05-02,12,29
2022-05-02,13,23
2022-05-02,14,23
2022-05-02,15,14
2022-05-02,16,11
2022-05-02,17,7
2022-05-02,18,3
2022-05-02,19,4
2022-05-02,20,6
2022-05-02,21,6
2022-05-02,22,9
2022-05-02,23,8
2022-05-03,0,7
2022-05-03,1,9
2022-05-03,2,15
2022-05-03,3,18
2022-05-03,4,16
2022-05-03,5,15
2022-05-03,6,17
2022-05-03,7,27
2022-05-03,8,35
2022-05-03,9,31
2022-05-03,10,24
2022-05-03,11,25
2022-05-03,12,27
2022-05-03,13,24
2022-05-03,14,24
2022-05-03,15,13
2022-05-03,16,25
2022-05-03,17,27
2022-05-03,18,23
2022-05-03,19,19
2022-05-03,20,18
2022-05-03,21,16
2022-05-03,22,19
2022-05-03,23,16
2022-05-04,0,13
2022-05-04,1,9
2022-05-04,2,11
2022-05-04,3,12
2022-05-04,4,26
2022-05-04,5,23
2022-05-04,6,24
2022-05-04,7,21
2022-05-04,8,21
2022-05-04,9,28
2022-05-04,10,33
2022-05-04,11,37
2022-05-04,12,32
2022-05-04,13,19
2022-05-04,14,12
2022-05-04,15,15
2022-05-04,16,12
2022-05-04,17,13
2022-05-04,18,15
2022-05-04,19,12
2022-05-04,20,16
2022-05-04,21,17
2022-05-04,22,21
2022-05-04,23,22
2022-05-05,0,17
2022-05-05,1,19
2022-05-05,2,15
2022-05-05,3,20
2022-05-05,4,26
2022-05-05,5,20
2022-05-05,6,31
2022-05-05,7,15
2022-05-05,8,23
2022-05-05,9,25
2022-05-05,10,42
2022-05-05,11,32
2022-05-05,12,28
2022-05-05,13,26
2022-05-05,14,18
2022-05-05,15,25
2022-05-05,16,17
2022-05-05,17,24
2022-05-05,18,15
2022-05-05,19,16
2022-05-05,20,19
2022-05-05,21,18
2022-05-05,22,16
2022-05-05,23,17
2022-05-06,0,16
2022-05-06,1,22
2022-05-06,2,19
2022-05-06,3,22
2022-05-06,4,17
2022-05-06,5,17
2022-05-06,6,29
2022-05-06,7,29
2022-05-06,8,25
2022-05-06,9,32
2022-05-06,10,47
2022-05-06,11,38
2022-05-06,12,0
2022-05-06,13,70
2022-05-06,14,34
2022-05-06,15,22
2022-05-06,16,28
2022-05-06,17,116
2022-05-06,18,21
2022-05-06,19,20
2022-05-06,20,16
2022-05-06,21,16
2022-05-06,22,36
2022-05-06,23,29
2022-05-07,0,26
2022-05-07,1,26
2022-05-07,2,15
2022-05-07,3,22
2022-05-07,4,28
2022-05-07,5,26
2022-05-07,6,22
2022-05-07,7,23
2022-05-07,8,28
2022-05-07,9,38
2022-05-07,10,40
2022-05-07,11,41
2022-05-07,12,42
2022-05-07,13,32
2022-05-07,14,21
2022-05-07,16,11
2022-05-07,17,16
2022-05-07,18,16
2022-05-07,19,15
2022-05-07,20,18
2022-05-07,21,18
2022-05-07,22,15
2022-05-07,23,18
2022-05-08,0,20
2022-05-08,1,16
2022-05-08,2,22
2022-05-08,3,14
2022-05-08,4,23
2022-05-08,5,24
2022-05-08,6,24
2022-05-08,7,35
2022-05-08,8,20
2022-05-08,9,31
2022-05-08,10,41
2022-05-08,11,35
2022-05-08,12,33
2022-05-08,13,32
2022-05-08,14,27
2022-05-08,15,17
2022-05-08,16,17
2022-05-08,17,13
2022-05-08,18,15
2022-05-08,19,12
2022-05-08,20,12
2022-05-08,21,13
2022-05-08,22,14
2022-05-08,23,15
2022-05-09,0,13
2022-05-09,1,26
2022-05-09,2,21
2022-05-09,3,27
2022-05-09,4,30
2022-05-09,5,23
2022-05-09,6,18
2022-05-09,7,19
2022-05-09,8,29
2022-05-09,9,41
2022-05-09,10,28
2022-05-09,11,29
2022-05-09,12,26
2022-05-09,13,23
2022-05-09,14,19
2022-05-09,15,25
2022-05-09,16,16
2022-05-09,17,20
2022-05-09,18,20
2022-05-09,19,27
2022-05-09,20,20
2022-05-09,21,20
2022-05-09,22,26
2022-05-09,23,37
2022-05-10,0,28
2022-05-10,1,19
2022-05-10,2,13
2022-05-10,3,23
2022-05-10,4,24
2022-05-10,5,25
2022-05-10,6,20
2022-05-10,7,20
2022-05-10,8,28
2022-05-10,9,42
2022-05-10,10,47
2022-05-10,11,43
2022-05-10,12,54
2022-05-10,13,42
2022-05-10,14,40
2022-05-10,15,31
2022-05-10,16,30
2022-05-10,17,21
2022-05-10,18,17
2022-05-10,19,23
2022-05-10,20,26
2022-05-10,21,23
2022-05-10,22,23
2022-05-10,23,21
2022-05-11,0,22
2022-05-11,1,14
2022-05-11,2,27
2022-05-11,3,60
2022-05-11,4,36
2022-05-12,0,10
2022-05-12,1,23
2022-05-12,2,14
2022-05-12,3,11
2022-05-12,4,18
2022-05-12,5,19
2022-05-12,6,24
2022-05-12,7,21
2022-05-12,8,25
2022-05-12,9,34
2022-05-12,10,26
2022-05-12,11,27
2022-05-12,12,26
2022-05-12,13,20
2022-05-12,14,19
2022-05-12,15,26
2022-05-12,16,0
2022-05-12,17,27
2022-05-12,18,9
2022-05-12,19,8
2022-05-12,20,5
2022-05-12,21,7
2022-05-12,22,6
2022-05-12,23,8
2022-05-13,0,13
2022-05-13,1,9
2022-05-13,2,9
2022-05-13,3,15
2022-05-13,4,18
2022-05-13,5,18
2022-05-13,6,18
2022-05-13,7,18
2022-05-13,8,24
2022-05-13,9,20
2022-05-13,10,30
2022-05-13,11,28
2022-05-13,12,27
2022-05-13,13,32
2022-05-13,14,20
2022-05-13,15,12
2022-05-13,16,13
2022-05-13,17,8
2022-05-13,18,5
2022-05-13,19,8
2022-05-13,20,10
2022-05-13,21,10
2022-05-13,22,23
2022-05-13,23,32
2022-05-14,0,21
2022-05-14,1,12
2022-05-14,2,8
2022-05-14,3,14
2022-05-14,4,15
2022-05-14,5,31
2022-05-14,6,34
2022-05-14,7,25
2022-05-14,8,31
2022-05-14,9,33
2022-05-14,10,36
2022-05-14,11,42
2022-05-14,12,43
2022-05-14,13,38
2022-05-14,14,32
2022-05-14,15,34
2022-05-14,16,23
2022-05-14,17,21
2022-05-14,18,14
2022-05-14,19,22
2022-05-14,20,13
2022-05-14,21,15
2022-05-14,22,13
2022-05-14,23,13
2022-05-15,0,15
2022-05-15,1,11
2022-05-15,2,18
2022-05-15,3,19
2022-05-15,4,27
2022-05-15,5,25
2022-05-15,6,20
2022-05-15,7,26
2022-05-15,8,21
2022-05-15,9,17
2022-05-15,10,21
2022-05-15,11,24
2022-05-15,12,24
2022-05-15,13,17
2022-05-15,14,17
2022-05-15,15,15
2022-05-15,16,11
2022-05-15,17,9
2022-05-15,18,9
2022-05-15,19,7
2022-05-15,20,8
2022-05-15,21,8
2022-05-15,22,8
2022-05-15,23,5
2022-05-16,0,10
2022-05-16,1,11
2022-05-16,2,10
2022-05-16,3,8
2022-05-16,4,15
2022-05-16,5,17
2022-05-16,6,14
2022-05-16,7,17
2022-05-16,8,21
2022-05-16,9,17
2022-05-16,10,27
2022-05-16,11,29
2022-05-16,12,26
2022-05-16,13,25
2022-05-16,14,15
2022-05-16,15,16
2022-05-16,16,12
2022-05-16,17,8
2022-05-16,18,9
2022-05-16,19,9
2022-05-16,20,10
2022-05-16,21,9
2022-05-16,22,14
2022-05-16,23,14
2022-05-17,0,15
2022-05-17,1,10
2022-05-17,2,9
2022-05-17,3,13
2022-05-17,4,24
2022-05-17,5,39
2022-05-17,6,27
2022-05-17,7,30
2022-05-17,8,37
2022-05-17,9,43
2022-05-17,10,38
2022-05-17,11,49
2022-05-17,12,50
2022-05-17,17,-34
2022-05-17,18,-29
2022-05-17,19,-39
2022-05-17,20,-52
2022-05-17,21,-38
2022-05-17,22,-49
2022-05-17,23,-41
2022-05-18,0,-10
2022-05-18,1,3
2022-05-18,2,9
2022-05-18,3,-24
2022-05-18,4,0
2022-05-18,5,15
2022-05-18,6,15
2022-05-18,7,-3
2022-05-18,8,-5
2022-05-18,9,15
2022-05-18,10,-19
2022-05-18,11,-28
2022-05-18,12,-37
2022-05-18,13,-34
2022-05-18,14,-30
2022-05-18,15,-28
2022-05-18,16,-31
2022-05-18,17,-30
2022-05-18,18,-36
2022-05-18,19,-35
2022-05-18,20,-43
2022-05-18,21,-47
2022-05-18,22,-32
2022-05-19,1,-42
2022-05-19,2,-34
2022-05-19,3,-27
2022-05-19,4,-7
2022-05-19,5,1
2022-05-19,6,40
2022-05-19,7,29
2022-05-19,8,57
2022-05-19,9,18
2022-05-19,10,-23
2022-05-19,11,-34
2022-05-19,12,-35
2022-05-19,13,-27
2022-05-19,14,-33
2022-05-19,15,-34
2022-05-19,16,0
2022-05-19,17,0
2022-05-19,18,19
2022-05-19,19,0
2022-05-19,20,11
2022-05-19,21,12
2022-05-20,0,4
2022-05-20,1,6
2022-05-20,2,6
2022-05-20,3,8
2022-05-20,4,13
2022-05-20,5,14
2022-05-20,6,20
2022-05-20,7,15
2022-05-20,8,13
2022-05-20,9,18
2022-05-20,10,26
2022-05-20,11,22
2022-05-20,12,23
2022-05-20,13,20
2022-05-20,14,21
2022-05-20,15,20
2022-05-20,16,12
2022-05-20,17,18
2022-05-20,18,24
2022-05-20,19,18
2022-05-20,20,15
2022-05-20,21,13
2022-05-20,22,16
2022-05-20,23,21
2022-05-21,0,0
2022-05-21,1,65
2022-05-21,2,32
2022-05-21,3,7
2022-05-21,4,28
2022-05-21,5,38
2022-05-21,6,43
2022-05-21,7,42
2022-05-21,8,37
2022-05-21,9,41
2022-05-21,10,46
2022-05-21,11,35
2022-05-21,12,33
2022-05-21,13,22
2022-05-21,14,15
2022-05-21,15,22
2022-05-21,16,28
2022-05-21,17,18
2022-05-21,19,25
2022-05-21,20,21
2022-05-21,21,15
2022-05-21,22,21
2022-05-21,23,22
2022-05-22,0,15
2022-05-22,1,19
2022-05-22,2,19
2022-05-22,3,25
2022-05-22,4,22
2022-05-22,5,29
2022-05-22,6,30
2022-05-22,7,30
2022-05-22,8,33
2022-05-22,9,41
2022-05-22,10,37
2022-05-22,11,30
2022-05-22,12,29
2022-05-22,13,31
2022-05-22,14,35
2022-05-22,15,37
2022-05-22,16,36
2022-05-22,17,34
2022-05-22,18,30
2022-05-22,19,24
2022-05-22,20,24
2022-05-22,21,29
2022-05-22,22,19
2022-05-22,23,26
2022-05-23,0,28
2022-05-23,1,31
2022-05-23,2,35
2022-05-23,3,39
2022-05-23,4,45
2022-05-23,5,44
2022-05-23,6,36
2022-05-23,7,37
2022-05-23,8,39
2022-05-23,9,53
2022-05-23,10,47
2022-05-23,11,37
2022-05-23,12,36
2022-05-23,13,0
2022-05-23,14,0
2022-05-23,15,0
2022-05-23,16,0
2022-05-23,17,0
2022-05-23,18,0
2022-05-23,19,0
2022-05-23,20,0
2022-05-23,21,0
2022-05-23,22,0
2022-05-23,23,0
2022-05-24,0,0
2022-05-24,1,0
2022-05-24,2,0
2022-05-24,3,0
2022-05-24,4,0
2022-05-24,5,0
2022-05-24,6,0
2022-05-24,7,0
2022-05-24,8,0
2022-05-24,9,0
2022-05-24,10,0
2022-05-24,11,0
2022-05-24,12,0
2022-05-24,13,0
2022-05-24,14,0
2022-05-24,15,0
2022-05-24,16,0
2022-05-24,17,0
2022-05-24,18,0
2022-05-24,19,0
2022-05-24,20,0
2022-05-24,21,0
2022-05-24,22,0
2022-05-24,23,0
2022-05-25,0,0
2022-05-25,1,0
2022-05-25,2,0
2022-05-25,3,0
2022-05-25,4,0
2022-05-25,5,0
2022-05-25,6,0
2022-05-25,7,0
2022-05-25,8,0
2022-05-25,9,0
2022-05-25,10,0
2022-05-25,11,0
2022-05-25,12,0
2022-05-25,13,0
2022-05-25,14,0
2022-05-25,15,0
2022-05-25,16,0
2022-05-25,17,0
2022-05-25,18,0
2022-05-25,19,0
2022-05-25,20,0
2022-05-25,21,0
2022-05-25,22,0
2022-05-25,23,0
2022-05-26,0,0
2022-05-26,1,0
2022-05-26,2,0
2022-05-26,3,0
2022-05-26,4,0
2022-05-26,5,0
2022-05-26,6,0
2022-05-26,7,0
2022-05-26,8,0
2022-05-26,9,0
2022-05-26,10,0
2022-05-26,11,0
2022-05-26,12,0
2022-05-26,13,0
2022-05-26,14,0
2022-05-26,15,0
2022-05-26,16,0
2022-05-26,17,0
2022-05-26,18,0
2022-05-26,19,0
2022-05-26,20,0
2022-05-26,21,0
2022-05-26,22,0
2022-05-26,23,0
2022-05-27,0,0
2022-05-27,1,0
2022-05-27,2,0
2022-05-27,3,0
2022-05-27,4,0
2022-05-27,5,0
2022-05-27,6,0
2022-05-27,7,0
2022-05-27,8,0
2022-05-27,9,0
2022-05-27,10,0
2022-05-27,11,0
2022-05-27,12,0
2022-05-27,13,0
2022-05-27,14,0
2022-05-27,15,0
2022-05-27,16,0
2022-05-27,17,0
2022-05-27,18,0
2022-05-27,19,0
2022-05-27,20,0
2022-05-27,21,0
2022-05-27,22,0
2022-05-27,23,0
2022-05-28,0,0
2022-05-28,1,0
2022-05-28,2,0
2022-05-28,3,0
2022-05-28,4,0
2022-05-28,5,0
2022-05-28,6,0
2022-05-28,7,0
2022-05-28,8,0
2022-05-28,9,0
2022-05-28,10,0
2022-05-28,11,0
2022-05-28,12,0
2022-05-28,13,0
2022-05-28,14,0
2022-05-28,15,0
2022-05-28,16,0
2022-05-28,17,0
2022-05-28,18,0
2022-05-28,19,0
2022-05-28,20,0
2022-05-28,21,0
2022-05-28,22,0
2022-05-28,23,0
2022-05-29,0,0
2022-05-29,1,0
2022-05-29,2,0
2022-05-29,3,0
2022-05-29,4,0
2022-05-29,5,0
2022-05-29,6,0
2022-05-29,7,0
2022-05-29,8,0
2022-05-29,9,0
2022-05-29,10,0
2022-05-29,11,0
2022-05-29,12,0
2022-05-29,13,0
2022-05-29,14,0
2022-05-29,15,0
2022-05-29,16,0
2022-05-29,17,0
2022-05-29,18,0
2022-05-29,19,0
2022-05-29,20,0
2022-05-29,21,0
2022-05-29,22,0
2022-05-29,23,0
2022-05-30,0,0
2022-05-30,1,0
2022-05-30,2,0
2022-05-30,3,0
2022-05-30,4,0
2022-05-30,5,0
2022-05-30,6,0
2022-05-30,7,0
2022-05-30,8,0
2022-05-30,9,0
2022-05-30,10,0
2022-05-30,11,0
2022-05-30,12,0
2022-05-30,13,0
2022-05-30,14,0
2022-05-30,15,0
2022-05-30,16,0
2022-05-30,17,0
2022-05-30,18,0
2022-05-30,19,0
2022-05-30,20,0
2022-05-30,21,0
2022-05-30,22,0
2022-05-30,23,0
2022-05-31,0,0
2022-05-31,1,0
2022-05-31,2,0
2022-05-31,3,0
2022-05-31,4,0
2022-05-31,5,0
2022-05-31,6,0
2022-05-31,7,0
2022-05-31,8,0
2022-05-31,9,0
2022-05-31,10,0
2022-05-31,11,0
2022-05-31,12,0
2022-05-31,13,0
2022-05-31,14,0
2022-05-31,15,0
2022-05-31,16,0
2022-05-31,17,0
2022-05-31,18,0
2022-05-31,19,0
2022-05-31,20,0
2022-05-31,21,0
2022-05-31,22,0
2022-05-31,23,0
2022-06-01,0,0
2022-06-02,0,12
2022-06-02,1,11
2022-06-02,2,11
2022-06-02,3,9
2022-06-02,4,10
2022-06-02,5,9
2022-06-02,6,11
2022-06-02,7,14
2022-06-02,8,14
2022-06-02,9,18
2022-06-02,10,14
2022-06-02,11,16
2022-06-02,12,13
2022-06-02,13,11
2022-06-04,0,12
2022-06-04,1,11
2022-06-04,2,8
2022-06-04,3,11
2022-06-04,4,9
2022-06-04,5,7
2022-06-04,6,7
2022-06-04,7,8
2022-06-04,8,12
2022-06-04,9,12
2022-06-04,10,12
2022-06-04,11,10
2022-06-04,12,15
2022-06-04,13,15
2022-06-04,14,11
2022-06-04,15,6
2022-06-04,16,3
2022-06-04,17,2
2022-06-04,18,1
2022-06-04,19,3
2022-06-04,20,9
2022-06-04,21,7
2022-06-04,22,16
2022-06-04,23,11
2022-06-05,0,10
2022-06-05,1,10
2022-06-05,2,16
2022-06-05,3,16
2022-06-05,4,17
2022-06-05,5,17
2022-06-05,6,26
2022-06-05,7,13
2022-06-05,8,6
2022-06-05,9,3
2022-06-05,10,9
2022-06-05,11,9
2022-06-05,12,14
2022-06-05,13,11
2022-06-05,14,11
2022-06-05,15,8
2022-06-05,16,4
2022-06-05,17,1
2022-06-05,18,6
2022-06-05,19,6
2022-06-05,20,7
2022-06-05,21,7
2022-06-05,22,6
2022-06-05,23,5
2022-06-06,0,12
2022-06-06,1,8
2022-06-06,2,9
2022-06-06,3,7
2022-06-06,4,7
2022-06-06,5,7
2022-06-06,6,5
2022-06-06,7,6
2022-06-06,8,8
2022-06-06,9,19
2022-06-06,10,19
2022-06-06,11,15
2022-06-06,12,18
2022-06-06,13,12
2022-06-06,14,8
2022-06-06,15,12
2022-06-06,16,10
2022-06-06,17,11
2022-06-06,18,9
2022-06-06,19,7
2022-06-06,20,14
2022-06-06,21,9
2022-06-06,22,5
2022-06-06,23,12
2022-06-07,0,8
2022-06-07,1,4
2022-06-07,2,11
2022-06-07,3,10
2022-06-07,4,8
2022-06-07,5,12
2022-06-07,6,10
2022-06-07,7,14
2022-06-07,8,22
2022-06-07,9,31
2022-06-07,10,28
2022-06-07,11,4
2022-06-07,12,8
2022-06-07,13,7
2022-06-07,14,5
2022-06-07,15,13
2022-06-07,16,11
2022-06-07,17,6
2022-06-07,18,5
2022-06-07,19,6
2022-06-07,20,5
2022-06-07,21,5
2022-06-07,22,12
2022-06-07,23,10
2022-06-08,0,13
2022-06-08,1,18
2022-06-08,2,19
2022-06-08,3,21
2022-06-08,4,20
2022-06-08,5,19
2022-06-08,6,24
2022-06-08,7,21
2022-06-08,8,28
2022-06-08,9,33
2022-06-08,10,29
2022-06-08,11,20
2022-06-08,12,24
2022-06-08,13,17
2022-06-08,14,15
2022-06-08,15,14
2022-06-08,16,8
2022-06-08,17,4
2022-06-08,18,6
2022-06-08,19,4
2022-06-08,20,3
2022-06-08,21,2
2022-06-08,22,10
2022-06-08,23,9
2022-06-09,0,11
2022-06-09,1,20
2022-06-09,2,25
2022-06-09,3,23
2022-06-09,4,19
2022-06-09,5,20
2022-06-09,6,21
2022-06-09,7,19
2022-06-09,8,24
2022-06-09,9,25
2022-06-09,10,27
2022-06-09,11,22
2022-06-09,12,26
2022-06-09,13,19
2022-06-09,14,11
2022-06-09,15,14
2022-06-09,16,8
2022-06-09,17,6
2022-06-09,18,6
2022-06-09,19,9
2022-06-09,20,9
2022-06-09,21,8
2022-06-09,22,13
2022-06-09,23,10
2022-06-10,0,6
2022-06-10,1,5
2022-06-10,2,9
2022-06-10,3,10
2022-06-10,4,12
2022-06-10,5,9
2022-06-10,6,9
2022-06-10,7,9
2022-06-10,8,10
2022-06-10,9,9
2022-06-10,10,8
2022-06-10,11,10
2022-06-10,12,8
2022-06-10,13,5
2022-06-10,14,6
2022-06-10,15,8
2022-06-10,16,6
2022-06-10,17,5
2022-06-10,18,4
2022-06-10,19,7
2022-06-10,20,9
2022-06-10,21,7
2022-06-10,22,8
2022-06-10,23,24
2022-06-11,0,5
2022-06-11,1,9
2022-06-11,2,8
2022-06-11,3,10
2022-06-11,4,11
2022-06-11,5,13
2022-06-11,6,9
2022-06-11,7,13
2022-06-11,8,12
2022-06-11,9,8
2022-06-11,10,17
2022-06-11,11,12
2022-06-11,12,20
2022-06-11,13,16
2022-06-11,14,12
2022-06-11,15,12
2022-06-11,16,12
2022-06-11,17,17
2022-06-11,18,19
2022-06-11,19,20
2022-06-11,20,21
2022-06-11,21,4
2022-06-11,22,4
2022-06-11,23,4
2022-06-12,0,4
2022-06-12,1,11
2022-06-12,2,19
2022-06-12,3,11
2022-06-12,4,12
2022-06-12,5,15
2022-06-12,6,28
2022-06-12,7,25
2022-06-12,8,27
2022-06-12,9,2
2022-06-12,10,2
2022-06-12,11,22
2022-06-12,12,18
2022-06-12,13,17
2022-06-12,14,14
2022-06-12,15,13
2022-06-12,16,14
2022-06-12,17,8
2022-06-12,18,7
2022-06-12,19,7
2022-06-12,20,15
2022-06-12,21,11
2022-06-12,22,6
2022-06-12,23,9
2022-06-13,0,12
2022-06-13,1,13
2022-06-13,2,11
2022-06-13,3,12
2022-06-13,4,13
2022-06-13,5,19
2022-06-13,6,15
2022-06-13,7,18
2022-06-13,8,17
2022-06-13,9,6
2022-06-13,10,12
2022-06-13,11,20
2022-06-13,12,20
2022-06-13,13,20
2022-06-13,14,12
2022-06-13,15,13
2022-06-13,16,13
2022-06-13,17,21
2022-06-13,18,14
2022-06-13,19,12
2022-06-13,20,18
2022-06-13,21,8
2022-06-13,22,5
2022-06-13,23,12
2022-06-14,0,8
2022-06-14,1,20
2022-06-14,2,16
2022-06-14,3,2
2022-06-14,4,4
2022-06-14,5,8
2022-06-14,6,9
2022-06-14,7,7
2022-06-14,8,7
2022-06-14,9,13
2022-06-14,10,15
2022-06-14,11,12
2022-06-14,12,16
2022-06-14,13,11
2022-06-14,14,17
2022-06-14,15,14
2022-06-14,16,20
2022-06-14,17,19
2022-06-14,18,13
2022-06-14,19,11
2022-06-14,20,17
2022-06-14,21,12
2022-06-14,22,8
2022-06-14,23,3
2022-06-15,0,3
2022-06-15,1,4
2022-06-15,2,9
2022-06-15,11,0
2022-06-15,12,1
2022-06-15,13,0
2022-06-15,14,-1
2022-06-15,15,0
2022-06-15,16,1
2022-06-15,17,2
2022-06-15,18,5
2022-06-15,19,4
2022-06-15,20,5
2022-06-15,21,0
2022-06-15,22,0
2022-06-15,23,0
2022-06-16,0,0
2022-06-16,1,0
2022-06-16,2,0
2022-06-16,3,0
2022-06-16,4,0
2022-06-16,5,0
2022-06-16,6,0
2022-06-16,7,0
2022-06-16,8,0
2022-06-16,9,0
2022-06-16,10,0
2022-06-16,11,0
2022-06-16,12,0
2022-06-16,13,47
2022-06-16,14,9
2022-06-16,15,9
2022-06-16,16,6
2022-06-16,17,8
2022-06-16,18,10
2022-06-16,19,6
2022-06-16,20,8
2022-06-16,21,12
2022-06-16,22,14
2022-06-16,23,14
2022-06-17,0,16
2022-06-17,1,13
2022-06-17,2,12
2022-06-17,3,14
2022-06-17,4,13
2022-06-17,5,11
2022-06-17,6,11
2022-06-17,7,12
2022-06-17,8,10
2022-06-17,9,18
2022-06-17,10,12
2022-06-17,11,7
2022-06-17,12,6
2022-06-17,13,7
2022-06-17,14,0
2022-06-17,15,0
2022-06-17,16,0
2022-06-17,17,40
2022-06-17,18,0
2022-06-17,19,0
2022-06-17,20,0
2022-06-17,21,0
2022-06-17,22,0
2022-06-17,23,0
2022-06-18,0,0
2022-06-18,1,0
2022-06-18,2,0
2022-06-18,3,0
2022-06-18,4,0
2022-06-18,5,0
2022-06-18,6,49
2022-06-18,7,12
2022-06-18,8,0
2022-06-18,9,0
2022-06-18,10,45
2022-06-18,11,11
2022-06-18,12,21
2022-06-18,13,13
2022-06-18,14,14
2022-06-18,15,8
2022-06-18,16,4
2022-06-18,17,5
2022-06-18,18,3
2022-06-18,19,7
2022-06-18,20,6
2022-06-18,21,7
2022-06-18,22,5
2022-06-18,23,8
2022-06-19,0,10
2022-06-19,1,9
2022-06-19,2,9
2022-06-19,3,7
2022-06-19,4,6
2022-06-19,5,8
2022-06-19,6,11
2022-06-19,7,9
2022-06-19,8,8
2022-06-19,9,6
2022-06-19,10,7
2022-06-19,11,8
2022-06-19,12,8
2022-06-19,13,5
2022-06-19,14,6
2022-06-19,15,4
2022-06-19,16,0
2022-06-19,17,2
2022-06-19,18,3
2022-06-19,19,9
2022-06-19,20,6
2022-06-19,21,4
2022-06-19,22,9
2022-06-19,23,0
2022-06-20,0,0
2022-06-20,1,0
2022-06-20,2,0
2022-06-20,3,0
2022-06-20,4,0
2022-06-20,5,37
2022-06-20,6,6
2022-06-20,7,4
2022-06-20,8,6
2022-06-20,9,10
2022-06-20,10,6
2022-06-20,11,2
2022-06-20,12,6
2022-06-20,13,5
2022-06-20,14,4
2022-06-20,15,3
2022-06-20,16,3
2022-06-20,17,3
2022-06-20,18,3
2022-06-20,19,3
2022-06-20,20,4
2022-06-20,21,9
2022-06-20,22,0
2022-06-20,23,0
2022-06-21,0,0
2022-06-21,1,0
2022-06-21,2,39
2022-06-21,3,0
2022-06-21,4,0
2022-06-21,5,0
2022-06-21,6,37
2022-06-21,7,0
2022-06-21,8,0
2022-06-21,9,46
2022-06-21,10,15
2022-06-21,11,15
2022-06-21,12,0
2022-06-21,13,0
2022-06-21,14,42
2022-06-21,15,13
2022-06-21,16,10
2022-06-21,17,6
2022-06-21,18,0
2022-06-21,19,0
2022-06-21,20,5
2022-06-21,21,15
2022-06-21,22,9
2022-06-21,23,4
2022-06-22,0,0
2022-06-22,1,0
2022-06-22,2,0
2022-06-22,3,30
2022-06-22,4,2
2022-06-22,5,0
2022-06-22,6,0
2022-06-22,7,0
2022-06-22,8,33
2022-06-22,9,5
2022-06-22,10,5
2022-06-22,11,0
2022-06-22,12,0
2022-06-22,13,0
2022-06-22,14,0
2022-06-22,15,32
2022-06-22,16,6
2022-06-22,17,4
2022-06-22,18,0
2022-06-22,19,0
2022-06-22,20,0
2022-06-22,21,0
2022-06-22,22,0
2022-06-22,23,0
2022-06-23,0,0
2022-06-23,1,0
2022-06-23,2,0
2022-06-23,3,0
2022-06-23,4,0
2022-06-23,5,0
2022-06-23,6,0
2022-06-23,7,0
2022-06-23,8,0
2022-06-23,9,0
2022-11-09,15,4
2022-11-09,16,2
2022-11-09,17,-1
2022-11-09,18,-1
2022-11-09,19,4
2022-11-09,20,16
2022-11-09,21,39
2022-11-09,22,37
2022-11-09,23,11
2022-11-10,0,10
2022-11-10,1,13
2022-11-10,2,19
2022-11-10,3,22
2022-11-10,4,14
2022-11-10,5,27
2022-11-10,6,22
2022-11-10,7,19
2022-11-10,8,25
2022-11-10,9,33
2022-11-10,10,36
2022-11-10,11,24
2022-11-10,12,15
2022-11-10,13,11
2022-11-10,14,7
2022-11-10,15,2
2022-11-10,16,-1
2022-11-10,17,5
2022-11-10,18,4
2022-11-10,19,6
2022-11-10,20,8
2022-11-10,21,16
2022-11-10,22,19
2022-11-10,23,20
2022-11-11,0,13
2022-11-11,1,19
2022-11-11,2,16
2022-11-11,3,12
2022-11-11,4,12
2022-11-11,5,11
2022-11-11,6,16
2022-11-11,7,11
2022-11-11,8,23
2022-11-11,9,43
2022-11-11,10,27
2022-11-11,11,21
2022-11-11,12,10
2022-11-11,13,9
2022-11-11,14,6
2022-11-11,15,4
2022-11-11,16,3
2022-11-11,17,1
2022-11-11,18,3
2022-11-11,19,5
2022-11-11,20,8
2022-11-11,21,10
2022-11-11,22,19
2022-11-11,23,16
2022-11-12,0,16
2022-11-12,1,22
2022-11-12,2,22
2022-11-12,3,20
2022-11-12,4,13
2022-11-12,5,12
2022-11-12,6,15
2022-11-12,7,29
2022-11-12,8,34
2022-11-12,9,39
2022-11-12,10,37
2022-11-12,11,39
2022-11-12,12,19
2022-11-12,13,10
2022-11-12,14,9
2022-11-12,15,6
2022-11-12,16,7
2022-11-12,17,8
2022-11-12,18,5
2022-11-12,19,5
2022-11-12,20,9
2022-11-12,21,19
2022-11-12,22,24
2022-11-12,23,42
2022-11-13,0,37
2022-11-13,1,34
2022-11-13,2,34
2022-11-13,3,37
2022-11-13,4,26
2022-11-13,5,26
2022-11-13,6,24
2022-11-13,7,27
2022-11-13,8,26
2022-11-13,9,22
2022-11-13,10,30
2022-11-13,11,27
2022-11-13,12,17
2022-11-13,13,14
2022-11-13,14,10
2022-11-13,15,11
2022-11-13,16,10
2022-11-13,17,7
2022-11-13,18,3
2022-11-13,19,7
2022-11-13,20,9
2022-11-13,21,9
2022-11-13,22,10
2022-11-13,23,14
2022-11-14,0,16
2022-11-14,1,10
2022-11-14,2,15
2022-11-14,3,12
2022-11-14,4,9
2022-11-14,5,5
2022-11-14,6,9
2022-11-14,7,11
2022-11-14,8,12
2022-11-14,9,16
2022-11-14,10,16
2022-11-14,11,12
2022-11-14,12,8
2022-11-14,13,5
2022-11-14,14,4
2022-11-14,15,19
2022-11-14,16,3
2022-11-14,17,3
2022-11-14,18,5
2022-11-14,19,4
2022-11-14,20,9
2022-11-14,21,9
2022-11-14,22,11
2022-11-14,23,18
2022-11-15,0,26
2022-11-15,1,61
2022-11-15,2,36
2022-11-15,3,41
2022-11-15,4,36
2022-11-15,5,34
2022-11-15,6,16
2022-11-15,7,11
2022-11-15,8,14
2022-11-15,9,20
2022-11-15,10,27
2022-11-15,11,24
2022-11-15,12,22
2022-11-15,13,9
2022-11-15,14,8
2022-11-15,15,8
2022-11-15,16,6
2022-11-15,17,6
2022-11-15,18,3
2022-11-15,19,7
2022-11-15,20,8
2022-11-15,21,13
2022-11-15,22,14
2022-11-15,23,12
2022-11-16,0,13
2022-11-16,1,17
2022-11-16,2,24
2022-11-16,3,34
2022-11-16,4,49
2022-11-16,5,34
2022-11-16,6,14
2022-11-16,7,14
2022-11-16,8,12
2022-11-16,9,17
2022-11-16,10,16
2022-11-16,11,24
2022-11-16,12,28
2022-11-16,13,24
2022-11-16,14,7
2022-11-16,15,5
2022-11-16,16,5
2022-11-16,17,4
2022-11-16,18,4
2022-11-16,19,3
2022-11-16,20,13
2022-11-16,21,16
2022-11-16,22,13
2022-11-16,23,23
2022-11-17,0,31
2022-11-17,1,30
2022-11-17,2,27
2022-11-17,3,30
2022-11-17,4,24
2022-11-17,5,14
2022-11-17,6,15
2022-11-17,7,14
2022-11-17,8,15
2022-11-17,9,13
2022-11-17,10,9
2022-11-17,11,18
2022-11-17,12,16
2022-11-17,13,12
2022-11-17,14,7
2022-11-17,15,3
2022-11-17,16,5
2022-11-17,17,1
2022-11-17,18,-2
2022-11-17,19,1
2022-11-17,20,5
2022-11-17,21,9
2022-11-17,22,7
2022-11-18,18,0
2022-11-18,19,0
2022-11-18,20,0
2022-11-18,21,0
2022-11-18,22,-14
2022-11-18,23,0
2022-11-19,0,0
2022-11-19,1,0
2022-11-19,2,0
2022-11-19,3,0
2022-11-19,4,0
2022-11-19,5,0
2022-11-19,6,0
2022-11-19,7,0
2022-11-19,8,0
2022-11-19,9,0
2022-11-19,10,0
2022-11-19,11,0
2022-11-19,12,0
2022-11-19,13,0
2022-11-20,19,-3
2022-11-20,20,0
2022-11-20,21,3
2022-11-20,22,3
2022-11-20,23,5
2022-11-21,0,2
2022-11-21,1,-3
2022-11-21,2,3
2022-11-21,3,3
2022-11-21,4,2
2022-11-21,5,3
2022-11-21,6,2
2022-11-21,7,2
2022-11-21,8,1
2022-11-21,9,0
2022-11-21,10,0
2022-11-21,11,1
2022-11-21,12,3
2022-11-21,13,7
2022-11-21,14,17
2022-11-21,15,12
2022-11-21,16,8
2022-11-21,17,5
2022-11-21,18,4
2022-11-21,19,2
2022-11-21,20,8
2022-11-21,21,7
2022-11-21,22,5
2022-11-21,23,6
2022-11-22,0,6
2022-11-22,1,4
2022-11-22,2,5
2022-11-22,3,8
2022-11-22,4,4
2022-11-22,5,2
2022-11-22,6,6
2022-11-22,7,5
2022-11-22,8,5
2022-11-22,9,7
2022-11-22,10,6
2022-11-22,11,4
2022-11-22,12,6
2022-11-22,13,6
2022-11-22,14,11
2022-11-22,15,9
2022-11-22,16,6
2022-11-22,17,2
2022-11-22,18,16
2022-11-22,19,2
2022-11-22,20,5
2022-11-22,21,7
2022-11-22,22,11
2022-11-22,23,11
2022-11-23,0,15
2022-11-23,1,11
2022-11-23,2,6
2022-11-23,3,3
2022-11-23,4,2
2022-11-23,5,2
2022-11-23,6,4
2022-11-23,7,3
2022-11-23,8,2
2022-11-23,9,2
2022-11-23,10,6
2022-11-23,11,8
2022-11-23,12,11
2022-11-23,13,15
2022-11-23,14,9
2022-11-23,15,7
2022-11-23,16,9
2022-11-23,17,6
2022-11-23,18,8
2022-11-23,19,9
2022-11-23,20,11
2022-11-23,21,8
2022-11-23,22,12
2022-11-23,23,14
2022-11-24,0,22
2022-11-24,1,22
2022-11-24,2,27
2022-11-24,3,26
2022-11-24,4,19
2022-11-24,5,12
2022-11-24,6,19
2022-11-24,7,14
2022-11-24,8,18
2022-11-24,9,25
2022-11-24,10,30
2022-11-24,11,26
2022-11-24,12,7
2022-11-24,13,4
2022-11-24,14,1
2022-11-24,15,2
2022-11-24,16,1
2022-11-24,17,1
2022-11-24,18,2
2022-11-24,19,1
2022-11-24,20,3
2022-11-24,21,4
2022-11-24,22,6
2022-11-24,23,7
2022-11-25,0,8
2022-11-25,1,11
2022-11-25,2,18
2022-11-25,3,14
2022-11-25,4,22
2022-11-25,5,16
2022-11-25,6,17
2022-11-25,7,7
2022-11-25,8,6
2022-11-25,9,12
2022-11-25,10,20
2022-11-25,11,9
2022-11-25,12,8
2022-11-25,13,7
2022-11-25,14,4
2022-11-25,15,3
2022-11-25,16,3
2022-11-25,17,0
2022-11-25,18,-3
2022-11-25,19,1
2022-11-25,20,8
2022-11-25,21,9
2022-11-25,22,10
2022-11-25,23,11
2022-11-26,0,18
2022-11-26,1,33
2022-11-26,2,19
2022-11-26,3,16
2022-11-26,4,9
2022-11-26,5,14
2022-11-26,6,21
2022-11-26,7,18
2022-11-26,8,10
2022-11-26,9,12
2022-11-26,10,15
2022-11-26,11,18
2022-11-26,12,10
2022-11-26,13,6
2022-11-26,14,1
2022-11-26,15,2
2022-11-26,16,3
2022-11-26,17,1
2022-11-26,18,-1
2022-11-26,19,-2
2022-11-26,20,8
2022-11-26,21,8
2022-11-26,22,5
2022-11-26,23,12
2022-11-27,0,21
2022-11-27,1,27
2022-11-27,2,24
2022-11-27,3,33
2022-11-27,4,29
2022-11-27,5,18
2022-11-27,6,20
2022-11-27,7,15
2022-11-27,8,12
2022-11-27,9,13
2022-11-27,10,11
2022-11-27,11,19
2022-11-27,12,14
2022-11-27,13,10
2022-11-27,14,4
2022-11-27,15,0
2022-11-27,16,-3
2022-11-27,17,-4
2022-11-27,18,2
2022-11-27,19,4
2022-11-27,20,4
2022-11-27,21,8
2022-11-27,22,5
2022-11-27,23,6
2022-11-28,0,5
2022-11-28,1,18
2022-11-28,2,30
2022-11-28,3,24
2022-11-28,4,22
2022-11-28,5,18
2022-11-28,6,19
2022-11-28,7,22
2022-11-28,8,24
2022-11-28,9,39
2022-11-28,10,34
2022-11-28,11,21
2022-11-28,12,20
2022-11-28,13,10
2022-11-28,14,5
2022-11-28,15,4
2022-11-28,16,4
2022-11-28,17,2
2022-11-28,18,-1
2022-11-28,19,0
2022-11-28,20,5
2022-11-28,21,7
2022-11-28,22,4
2022-11-28,23,2
2022-11-29,0,13
2022-11-29,1,33
2022-11-29,2,20
2022-11-29,3,20
2022-11-29,4,14
2022-11-29,5,20
2022-11-29,6,9
2022-11-29,7,21
2022-11-29,8,20
2022-11-29,9,32
2022-11-29,10,30
2022-11-29,11,32
2022-11-29,12,25
2022-11-29,13,7
2022-11-29,14,5
2022-11-29,15,1
2022-11-29,16,-1
2022-11-29,17,0
2022-11-29,18,-1
2022-11-29,19,-2
2022-11-29,20,2
2022-11-29,21,8
2022-11-29,22,23
2022-11-29,23,27
2022-11-30,0,12
2022-11-30,1,26
2022-11-30,2,30
2022-11-30,3,21
2022-11-30,4,20
2022-11-30,5,18
2022-11-30,6,10
2022-11-30,7,7
2022-11-30,8,3
2022-11-30,9,10
2022-11-30,10,7
2022-11-30,11,4
2022-11-30,12,10
2022-11-30,13,12
2022-11-30,14,11
2022-11-30,15,9
2022-11-30,16,5
2022-11-30,17,2
2022-11-30,18,4
2022-11-30,19,7
2022-11-30,20,13
2022-11-30,21,13
2022-11-30,22,8
2022-11-30,23,10
2022-12-01,0,11
2022-12-01,1,19
2022-12-01,2,18
2022-12-01,3,16
2022-12-01,4,11
2022-12-01,5,9
2022-12-01,6,12
2022-12-01,7,11
2022-12-01,8,14
2022-12-01,9,13
2022-12-01,10,7
2022-12-01,11,1
2022-12-01,12,-1
2022-12-01,13,-1
2022-12-01,14,1
2022-12-01,15,1
2022-12-01,16,3
2022-12-01,17,3
2022-12-01,18,-1
2022-12-01,19,4
2022-12-01,20,16
2022-12-01,21,5
2022-12-01,22,8
2022-12-01,23,7
2022-12-02,0,3
2022-12-02,1,2
2022-12-02,2,8
2022-12-02,3,5
2022-12-02,4,1
2022-12-02,5,5
2022-12-02,6,4
2022-12-02,7,0
2022-12-02,8,0
2022-12-02,9,4
2022-12-02,10,6
2022-12-02,11,3
2022-12-02,12,3
2022-12-02,13,5
2022-12-02,14,6
2022-12-02,15,7
2022-12-02,16,7
2022-12-02,17,0
2022-12-02,18,6
2022-12-02,19,6
2022-12-02,20,23
2022-12-02,21,22
2022-12-02,22,8
2022-12-02,23,4
2022-12-03,0,5
2022-12-03,1,7
2022-12-03,2,4
2022-12-03,3,5
2022-12-03,4,8
2022-12-03,5,6
2022-12-03,6,7
2022-12-03,7,7
2022-12-03,8,2
2022-12-03,9,-2
2022-12-03,10,6
2022-12-03,11,11
2022-12-03,12,8
2022-12-03,13,6
2022-12-03,14,5
2022-12-03,15,3
2022-12-03,16,1
2022-12-03,17,0
2022-12-03,18,-2
2022-12-03,19,-2
2022-12-03,20,2
2022-12-03,21,4
2022-12-03,22,6
2022-12-03,23,6
2022-12-04,0,6
2022-12-04,1,5
2022-12-04,2,4
2022-12-04,3,7
2022-12-04,4,5
2022-12-04,5,3
2022-12-04,6,4
2022-12-04,7,4
2022-12-04,8,6
2022-12-04,9,10
2022-12-04,10,9
2022-12-04,11,6
2022-12-04,12,3
2022-12-04,13,1
2022-12-04,14,0
2022-12-04,15,-4
2022-12-04,16,2
2022-12-04,17,9
2022-12-04,18,11
2022-12-04,19,6
2022-12-04,20,2
2022-12-04,21,6
2022-12-04,22,4
2022-12-04,23,3
2022-12-05,0,8
2022-12-05,1,14
2022-12-05,2,11
2022-12-05,3,9
2022-12-05,4,8
2022-12-05,5,4
2022-12-05,6,0
2022-12-05,7,1
2022-12-05,8,6
2022-12-05,9,20
2022-12-05,10,19
2022-12-05,11,20
2022-12-05,12,22
2022-12-05,13,16
2022-12-05,14,9
2022-12-05,15,3
2022-12-05,16,4
2022-12-05,17,3
2022-12-05,18,0
2022-12-05,19,6
2022-12-05,20,14
2022-12-05,21,20
2022-12-05,22,38
2022-12-05,23,54
2022-12-06,0,50
2022-12-06,1,43
2022-12-06,2,53
2022-12-06,3,29
2022-12-06,4,53
2022-12-06,5,32
2022-12-06,6,28
2022-12-06,7,22
2022-12-06,8,21
2022-12-06,9,16
2022-12-06,10,17
2022-12-06,11,11
2022-12-06,12,28
2022-12-06,13,23
2022-12-06,14,4
2022-12-06,15,6
2022-12-06,16,4
2022-12-06,17,0
2022-12-06,18,0
2022-12-06,19,4
2022-12-06,20,12
2022-12-06,21,44
2022-12-06,22,57
2022-12-06,23,50
2022-12-07,0,42
2022-12-07,1,37
2022-12-07,2,32
2022-12-07,3,32
2022-12-07,4,25
2022-12-07,5,24
2022-12-07,6,18
2022-12-07,7,28
2022-12-07,8,20
2022-12-07,9,21
2022-12-07,10,16
2022-12-07,11,11
2022-12-07,12,9
2022-12-07,13,10
2022-12-07,14,5
2022-12-07,15,1
2022-12-07,16,4
2022-12-07,17,3
2022-12-07,18,1
2022-12-07,19,5
2022-12-07,20,17
2022-12-07,21,11
2022-12-07,22,9
2022-12-07,23,11
2022-12-08,0,14
2022-12-08,1,15
2022-12-08,2,17
2022-12-08,3,14
2022-12-08,4,16
2022-12-08,5,13
2022-12-08,6,13
2022-12-08,7,12
2022-12-08,8,11
2022-12-08,9,19
2022-12-08,10,21
2022-12-08,11,22
2022-12-08,12,23
2022-12-08,13,18
2022-12-08,14,18
2022-12-08,15,12
2022-12-08,16,14
2022-12-08,17,9
2022-12-08,18,14
2022-12-08,19,19
2022-12-08,20,40
2022-12-08,21,46
2022-12-08,22,20
2022-12-08,23,18
2022-12-09,0,14
2022-12-09,1,15
2022-12-09,2,14
2022-12-09,3,16
2022-12-09,4,15
2022-12-09,5,10
2022-12-09,6,8
2022-12-09,7,11
2022-12-09,8,11
2022-12-09,9,27
2022-12-09,10,18
2022-12-09,11,15
2022-12-09,12,22
2022-12-09,13,20
2022-12-09,14,21
2022-12-09,15,16
2022-12-09,16,19
2022-12-09,17,11
2022-12-09,18,17
2022-12-09,19,18
2022-12-09,20,23
2022-12-09,21,64
2022-12-09,22,94
2022-12-09,23,83
2022-12-10,0,37
2022-12-10,1,34
2022-12-10,2,35
2022-12-10,3,40
2022-12-10,4,24
2022-12-10,5,20
2022-12-10,6,23
2022-12-10,7,11
2022-12-10,8,13
2022-12-10,9,16
2022-12-10,10,18
2022-12-10,11,17
2022-12-10,12,22
2022-12-10,13,20
2022-12-10,14,18
2022-12-10,15,11
2022-12-10,16,11
2022-12-10,17,13
2022-12-10,18,8
2022-12-10,19,12
2022-12-10,20,22
2022-12-10,21,27
2022-12-10,22,20
2022-12-10,23,29
2022-12-11,0,22
2022-12-11,1,35
2022-12-11,2,25
2022-12-11,3,18
2022-12-11,4,22
2022-12-11,5,20
2022-12-11,6,19
2022-12-11,7,20
2022-12-11,8,14
2022-12-11,9,18
2022-12-11,10,20
2022-12-11,11,9
2022-12-11,12,10
2022-12-11,13,14
2022-12-11,14,11
2022-12-11,15,7
2022-12-11,16,8
2022-12-11,17,5
2022-12-11,18,7
2022-12-11,19,10
2022-12-11,20,18
2022-12-11,21,27
2022-12-11,22,23
2022-12-11,23,26
2022-12-12,0,25
2022-12-12,1,20
2022-12-12,2,28
2022-12-12,3,39
2022-12-12,4,49
2022-12-12,5,43
2022-12-12,6,29
2022-12-12,7,27
2022-12-12,8,30
2022-12-12,9,41
2022-12-12,10,33
2022-12-12,11,37
2022-12-12,12,27
2022-12-12,13,19
2022-12-12,14,12
2022-12-12,15,8
2022-12-12,16,7
2022-12-12,17,7
2022-12-12,18,8
2022-12-12,19,11
2022-12-12,20,20
2022-12-12,21,12
2022-12-12,22,10
2022-12-12,23,14
2022-12-13,0,13
2022-12-13,1,27
2022-12-13,2,28
2022-12-13,3,23
2022-12-13,4,21
2022-12-13,5,19
2022-12-13,6,12
2022-12-13,7,20
2022-12-13,8,25
2022-12-13,9,37
2022-12-13,10,26
2022-12-13,11,19
2022-12-13,12,21
2022-12-13,13,9
2022-12-13,14,11
2022-12-13,15,13
2022-12-13,16,11
2022-12-13,17,7
2022-12-13,18,10
2022-12-13,19,7
2022-12-13,20,9
2022-12-13,21,9
2022-12-13,22,11
2022-12-13,23,8
2022-12-14,0,11
2022-12-14,1,12
2022-12-14,2,27
2022-12-14,3,16
2022-12-14,4,16
2022-12-14,5,19
2022-12-14,6,22
2022-12-14,7,16
2022-12-14,8,19
2022-12-14,9,34
2022-12-14,10,20
2022-12-14,11,16
2022-12-14,12,14
2022-12-14,13,9
2022-12-14,14,6
2022-12-14,15,4
2022-12-14,16,3
2022-12-14,17,0
2022-12-15,14,7
2022-12-15,15,4
2022-12-15,16,10
2022-12-15,17,6
2022-12-15,18,3
2022-12-15,19,4
2022-12-15,20,13
2022-12-15,21,13
2022-12-15,22,19
2022-12-15,23,19
2022-12-16,0,32
2022-12-16,1,35
2022-12-16,2,30
2022-12-16,3,31
2022-12-16,4,19
2022-12-16,5,19
2022-12-16,6,19
2022-12-16,7,18
2022-12-16,8,23
2022-12-16,9,29
2022-12-16,10,32
2022-12-16,11,39
2022-12-16,12,21
2022-12-16,13,8
2022-12-16,14,7
2022-12-16,15,8
2022-12-16,16,9
2022-12-16,17,7
2022-12-16,18,7
2022-12-16,19,7
2022-12-16,20,9
2022-12-16,21,8
2022-12-16,22,12
2022-12-16,23,15
2022-12-17,0,34
2022-12-17,1,56
2022-12-17,2,58
2022-12-17,3,47
2022-12-17,4,52
2022-12-17,5,48
2022-12-17,6,41
2022-12-17,7,60
2022-12-17,8,52
2022-12-17,9,39
2022-12-17,10,45
2022-12-17,11,32
2022-12-17,12,26
2022-12-17,13,16
2022-12-17,14,12
2022-12-17,15,7
2022-12-17,16,5
2022-12-17,17,6
2022-12-17,18,6
2022-12-17,19,5
2022-12-17,20,9
2022-12-17,21,19
2022-12-17,22,19
2022-12-17,23,21
2022-12-18,0,28
2022-12-18,1,30
2022-12-18,2,42
2022-12-18,3,30
2022-12-18,4,23
2022-12-18,5,23
2022-12-18,6,23
2022-12-18,7,28
2022-12-18,8,26
2022-12-18,9,23
2022-12-18,10,27
2022-12-18,11,25
2022-12-18,12,17
2022-12-18,13,22
2022-12-18,14,17
2022-12-18,15,12
2022-12-18,16,12
2022-12-18,17,9
2022-12-18,18,7
2022-12-18,19,4
2022-12-18,20,4
2022-12-18,21,7
2022-12-18,22,10
2022-12-18,23,12
2022-12-19,0,14
2022-12-19,1,14
2022-12-19,2,9
2022-12-19,3,6
2022-12-19,4,12
2022-12-19,5,10
2022-12-19,6,9
2022-12-19,7,12
2022-12-19,8,12
2022-12-19,9,19
2022-12-19,10,30
2022-12-19,11,37
2022-12-19,12,21
2022-12-19,13,13
2022-12-19,14,11
2022-12-19,15,7
2022-12-19,16,6
2022-12-19,17,4
2022-12-19,18,10
2022-12-19,19,8
2022-12-19,20,15
2022-12-19,21,19
2022-12-19,22,7
2022-12-19,23,28
2022-12-20,0,26
2022-12-20,1,35
2022-12-20,2,27
2022-12-20,3,22
2022-12-20,4,14
2022-12-20,5,19
2022-12-20,6,11
2022-12-20,7,13
2022-12-20,8,12
2022-12-20,9,8
2022-12-20,10,6
2022-12-20,11,8
2022-12-20,12,16
2022-12-20,13,15
2022-12-20,14,12
2022-12-20,15,8
2022-12-20,16,3
2022-12-20,17,3
2022-12-20,18,2
2022-12-20,19,1
2022-12-20,20,28
2022-12-20,21,10
2022-12-20,22,7
2022-12-20,23,5
2022-12-21,0,6
2022-12-21,1,9
2022-12-21,2,6
2022-12-21,3,4
2022-12-21,4,4
2022-12-21,5,10
2022-12-21,6,15
2022-12-21,7,20
2022-12-21,8,24
2022-12-21,9,30
2022-12-21,10,27
2022-12-21,11,24
2022-12-21,12,20
2022-12-21,13,12
2022-12-21,14,15
2022-12-21,15,10
2022-12-21,16,8
2022-12-21,17,8
2022-12-21,18,7
2022-12-21,19,11
2022-12-21,20,11
2022-12-21,21,13
2022-12-21,22,17
2022-12-21,23,25
2022-12-22,0,26
2022-12-22,1,37
2022-12-22,2,40
2022-12-22,3,28
2022-12-22,4,18
2022-12-22,5,24
2022-12-22,6,28
2022-12-22,7,26
2022-12-22,8,26
2022-12-22,9,36
2022-12-22,10,55
2022-12-22,11,28
2022-12-22,12,21
2022-12-22,13,11
2022-12-22,14,6
2022-12-22,15,0
2022-12-22,16,-3
2022-12-22,17,-1
2022-12-22,18,2
2022-12-22,19,1
2022-12-22,20,7
2022-12-22,21,23
2022-12-22,22,22
2022-12-22,23,22
2022-12-23,0,19
2022-12-23,1,80
2022-12-23,2,18
2022-12-23,3,17
2022-12-23,4,12
2022-12-23,5,9
2022-12-23,6,5
2022-12-23,7,5
2022-12-23,8,5
2022-12-23,9,11
2022-12-23,10,11
2022-12-23,11,19
2022-12-23,12,17
2022-12-23,13,18
2022-12-23,14,18
2022-12-23,15,21
2022-12-23,16,10
2022-12-23,17,12
2022-12-23,18,17
2022-12-23,19,18
2022-12-23,20,15
2022-12-23,21,30
2022-12-23,22,38
2022-12-23,23,45
2022-12-24,0,29
2022-12-24,1,38
2022-12-24,2,45
2022-12-24,3,38
2022-12-24,4,27
2022-12-24,5,23
2022-12-24,6,26
2022-12-24,7,18
2022-12-24,8,18
2022-12-24,9,19
2022-12-24,10,18
2022-12-24,11,15
2022-12-24,12,26
2022-12-24,13,23
2022-12-24,14,12
2022-12-24,15,8
2022-12-24,16,10
2022-12-24,17,10
2022-12-24,18,11
2022-12-24,19,7
2022-12-24,20,11
2022-12-24,21,8
2022-12-24,22,8
2022-12-24,23,14
2022-12-25,0,27
2022-12-25,1,26
2022-12-25,2,12
2022-12-25,3,24
2022-12-25,4,10
2022-12-25,5,7
2022-12-25,6,6
2022-12-25,7,8
2022-12-25,8,5
2022-12-25,9,6
2022-12-25,10,6
2022-12-25,11,13
2022-12-25,12,13
2022-12-25,13,11
2022-12-25,14,12
2022-12-25,15,9
2022-12-25,16,6
2022-12-25,17,4
2022-12-25,18,2
2022-12-25,19,3
2022-12-25,20,4
2022-12-25,21,8
2022-12-25,22,7
2022-12-25,23,6
2022-12-26,0,6
2022-12-26,1,11
2022-12-26,2,10
2022-12-26,3,14
2022-12-26,4,10
2022-12-26,5,8
2022-12-26,6,8
2022-12-26,7,5
2022-12-26,8,6
2022-12-26,9,7
2022-12-26,10,15
2022-12-26,11,13
2022-12-26,12,15
2022-12-26,13,14
2022-12-26,14,15
2022-12-26,15,10
2022-12-26,16,6
2022-12-26,17,3
2022-12-26,18,1
2022-12-26,19,3
2022-12-26,20,5
2022-12-26,21,23
2022-12-26,22,12
2022-12-26,23,13
2022-12-27,0,13
2022-12-27,1,12
2022-12-27,2,11
2022-12-27,3,7
2022-12-27,4,4
2022-12-27,5,5
2022-12-27,6,6
2022-12-27,7,6
2022-12-27,8,5
2022-12-27,9,4
2022-12-27,10,5
2022-12-27,11,18
2022-12-27,12,19
2022-12-27,13,18
2022-12-27,14,12
2022-12-27,15,12
2022-12-27,16,9
2022-12-27,17,2
2022-12-27,18,2
2022-12-27,19,5
2022-12-27,20,8
2022-12-27,21,18
2022-12-27,22,33
2022-12-27,23,43
2022-12-28,0,39
2022-12-28,1,41
2022-12-28,2,35
2022-12-28,3,30
2022-12-28,4,24
2022-12-28,5,21
2022-12-28,6,20
2022-12-28,7,36
2022-12-28,8,36
2022-12-28,9,26
2022-12-28,10,36
2022-12-28,11,36
2022-12-28,12,33
2022-12-28,13,24
2022-12-28,14,11
2022-12-28,15,6
2022-12-28,16,3
2022-12-28,17,4
2022-12-28,18,3
2022-12-28,19,1
2022-12-28,20,3
2022-12-28,21,5
2022-12-28,22,5
2022-12-28,23,3
2022-12-29,0,11
2022-12-29,1,8
2022-12-29,2,5
2022-12-29,3,4
2022-12-29,4,7
2022-12-29,5,11
2022-12-29,6,11
2022-12-29,7,8
2022-12-29,8,4
2022-12-29,9,8
2022-12-29,10,14
2022-12-29,11,9
2022-12-29,12,5
2022-12-29,13,7
2022-12-29,14,5
2022-12-29,15,1
2022-12-29,16,2
2022-12-29,17,1
2022-12-29,18,-2
2022-12-29,19,-2
2022-12-29,20,1
2022-12-29,21,4
2022-12-29,22,3
2022-12-29,23,1
2022-12-30,0,6
2022-12-30,1,4
2022-12-30,2,4
2022-12-30,3,4
2022-12-30,4,9
2022-12-30,5,8
2022-12-30,6,6
2022-12-30,7,5
2022-12-30,8,7
2022-12-30,9,17
2022-12-30,10,15
2022-12-30,11,16
2022-12-30,12,15
2022-12-30,13,10
2022-12-30,14,7
2022-12-30,15,4
2022-12-30,16,1
2022-12-30,17,2
2022-12-30,18,2
2022-12-30,19,-1
2022-12-30,20,-1
2022-12-30,21,4
2022-12-30,22,6
2022-12-30,23,5
2022-12-31,0,20
2022-12-31,1,25
2022-12-31,2,27
2022-12-31,3,33
2022-12-31,4,15
2022-12-31,5,19
2022-12-31,6,19
2022-12-31,7,21
2022-12-31,8,23
2022-12-31,9,31
2022-12-31,10,38
2022-12-31,11,20
2022-12-31,12,18
2022-12-31,13,15
2022-12-31,14,8
2022-12-31,15,2
2022-12-31,16,0
2022-12-31,17,-1
2022-12-31,18,-2
2022-12-31,19,9
2022-12-31,20,7
2022-12-31,21,31
2022-12-31,22,37
2022-12-31,23,21
2023-01-01,0,19
2023-01-01,1,27
2023-01-01,2,45
2023-01-01,3,58
2023-01-01,4,83
2023-01-01,5,73
2023-01-01,6,83
2023-01-01,7,89
2023-01-01,8,50
2023-01-01,9,39
2023-01-01,10,33
2023-01-01,11,38
2023-01-01,12,23
2023-01-01,13,12
2023-01-01,14,7
2023-01-01,15,3
2023-01-01,16,1
2023-01-01,17,-1
2023-01-01,18,-3
2023-01-01,19,-2
2023-01-01,20,0
2023-01-01,21,1
2023-01-01,22,2
2023-01-01,23,3
