Fecha,Hora,Celda,Latitud,Longitud,PM2.5,Temperatura,Velocidad,Direccion
14/09/2023,15:53,F6,21° 52' 49'',102° 17' 48'',2,32,7.4,10°
14/09/2023,16:11,F6,21° 52' 46'',102° 18' 12'',3,32,13.1,75°
14/09/2023,16:33,F6,21° 52' 32'',102° 18' 21'',2,31,5.5,350°
14/09/2023,17:39,F6,21° 52' 27'',102° 18' 03'',3,32,5.5,350°
14/09/2023,17:56,F7,21° 52' 44'',102° 17' 36'',2,31,14.8,81°
14/09/2023,18:11,F7,21° 52' 46'',102° 17' 21'',2,31,14.7,81°
14/09/2023,18:25,F7,21° 52' 44'',102° 17' 10'',2,31,14.7,81°
14/09/2023,15:26,F7,21° 52' 42'',102° 16' 54'',2,30,14.7,81°
19/09/2023,15:46,F10,21° 52' 24'',102° 14' 26'',2,33,11.7,356°
19/09/2023,16:02,F10,21° 52' 46'',102° 14' 54'',2,34,11.7,14°
19/09/2023,16:18,F10,21° 52' 50'',102° 14' 36'',1,32,11.7,14°
19/09/2023,16:37,F10,21° 52' 28'',102° 14' 37'',2,32,11.6,15°
19/09/2023,16:54,E10,21° 52' 00'',102° 14' 31'',3,32,4.7,15°
19/09/2023,17:12,E10,21° 51' 44'',102° 14' 39'',5,31,4.8,62°
19/09/2023,17:24,E10,21° 51' 30'',102° 14' 49'',2,30,3.7,280°
19/09/2023,15:53,E10,21° 51' 30'',102° 14' 50'',2,31,3.7,280°
27/09/2023,16:08,G9,21° 53' 05'',102° 15' 25'',2,30,14.7,40°
27/09/2023,16:20,G9,21° 53' 15'',102° 15' 22'',2,33,14.7,40°
27/09/2023,16:40,G9,21° 53' 28'',102° 15' 27'',2,32,14.7,40°
27/09/2023,16:52,G9,21° 53' 38'',102° 15' 33'',2,33,14.7,40°
27/09/2023,17:03,H9,21° 53' 50'',102° 15' 32'',2,31,13.7,35°
27/09/2023,17:17,H9,21° 54' 02'',102° 15' 33'',2,30,13.7,35°
27/09/2023,17:30,H9,21° 54' 18'',102° 15' 45'',3,32,13.6,34°
27/09/2023,09:03,H9,21° 54' 24'',102° 15' 26'',3,31,13.7,36°
28/09/2023,09:16,I7,21° 55' 37'',102° 17' 03'',5,25,6.9,64°
28/09/2023,09:26,I7,21° 55' 19'',102° 17' 06'',5,24,6.9,65°
28/09/2023,09:38,I7,21° 55' 10'',102° 17' 08'',6,25,6.9,65°
28/09/2023,09:40,I7,21° 54' 55'',102° 17' 12'',4,25,6,81°
28/09/2023,09:48,H7,21° 54' 50'',102° 17' 12'',4,25,6,81°
28/09/2023,09:57,H7,21° 54' 40'',102° 17' 12'',4,25,6,81°
28/09/2023,10:06,H7,21° 54' 30'',102° 17' 10'',4,26,6,81°
28/09/2023,10:21,H7,21° 54' 09'',102° 17' 08'',5,25,6,81°
28/09/2023,10:29,G7,21° 54' 01'',102° 17' 08'',5,28,6,81°
28/09/2023,10:42,G7,21° 53' 45'',102° 17' 03'',5,29,4.7,87°
28/09/2023,10:52,G7,21° 53' 31'',102° 17' 01'',5,27,4.7,87°
28/09/2023,11:03,G7,21° 53' 24'',102° 16' 56'',5,28,4.7,87°
28/09/2023,11:26,G8,21° 53' 45'',102° 16' 43'',4,28,4.5,87°
28/09/2023,11:38,G8,21° 53' 33'',102° 16' 30'',5,30,4.4,29°
28/09/2023,11:45,G8,21° 53' 25'',102° 16' 26'',5,30,4.3,28°
28/09/2023,12:13,G8,21° 53' 07'',102° 16' 21'',8,28,6.2,27°
06/10/2023,09:52,D6,21° 50' 40'',102° 17' 38'',3,25,16.3,80°
06/10/2023,10:06,D6,21° 50' 41'',102° 17' 57'',3,25,16.4,80°
06/10/2023,10:21,D6,21° 50' 44'',102° 18' 20'',2,26,16.7,70°
06/10/2023,10:28,D6,21° 50' 43'',102° 18' 27'',2,25,16.7,70°
06/10/2023,11:23,D7,21° 50' 41'',102° 17' 28'',4,25,18.5,60°
06/10/2023,11:34,D7,21° 50' 44'',102° 17' 10'',3,26,18.5,60°
06/10/2023,11:42,D7,21° 50' 45'',102° 17' 03'',3,26,18.5,60°
06/10/2023,11:50,D7,21° 50' 46'',102° 16' 52'',3,27,18.5,60°
06/10/2023,11:57,D8,21° 50' 47'',102° 16' 49'',8,26,15.9,100°
06/10/2023,12:08,D8,21° 50' 52'',102° 16' 33'',1,27,11.1,40°
06/10/2023,12:19,D8,21° 51' 04'',102° 16' 18'',3,30,11.1,40°
06/10/2023,12:25,D8,21° 51' 06'',102° 16' 10'',3,31,11.1,40°
19/10/2023,16:18,I9,21° 55' 12'',102° 15' 41'',2,26,14.8,100°
19/10/2023,16:26,I9,21° 55' 18'',102° 15' 42'',2,28,28.4,132°
19/10/2023,16:34,I9,21° 55' 23'',102° 15' 44'',2,30,28.4,132°
19/10/2023,16:42,I9,21° 55' 31'',102° 15' 49'',2,29,23.8,134°
19/10/2023,16:45,I8,21° 55' 31'',102° 15' 49'',2,29,23.8,134°
19/10/2023,16:51,I8,21° 55' 37'',102° 15' 55'',2,29,23.9,134°
19/10/2023,17:01,I8,21° 55' 47'',102° 16' 06'',2,28,24,134°
19/10/2023,17:10,I8,21° 55' 54'',102° 16' 11'',31,28,24.2,135°
19/10/2023,17:20,J8,21° 56' 05'',102° 16' 20'',2,28,24.3,135°
19/10/2023,17:28,J8,21° 56' 13'',102° 16' 26'',2,27,24.5,135°
19/10/2023,17:34,J8,21° 56' 17'',102° 16' 30'',2,27,24.5,135°
19/10/2023,17:43,J8,21° 56' 27'',102° 16' 39'',2,26,24.2,108°
19/10/2023,17:51,J7,21° 56' 31'',102° 16' 44'',2,26,24.2,108°
19/10/2023,18:00,J7,21° 56' 35'',102° 16' 59'',2,25,24.2,108°
19/10/2023,18:10,J7,21° 56' 38'',102° 17' 14'',2,25,24.2,108°
19/10/2023,18:20,J7,21° 56' 42'',102° 17' 27'',2,24,24.2,108°
19/10/2023,18:25,J6,21° 56' 42'',102° 17' 29'',2,24,24.2,109°
19/10/2023,18:33,J6,21° 56' 44'',102° 17' 39'',8,25,27.1,100°
19/10/2023,18:40,J6,21° 56' 46'',102° 17' 48'',3,24,27,100°
19/10/2023,18:50,J6,21° 56' 46'',102° 17' 58'',9,24,27,100°
26/10/2023,11:36,D5,21° 50' 41.63'',102° 18' 35.6'',8,28,6.8,151°
26/10/2023,11:47,D5,21° 50' 35.9'',102° 18' 50.6'',8,30,6.8,151°
26/10/2023,11:56,D5,21° 50' 32.19'',102° 19' 5.98'',7,30,6.8,146°
26/10/2023,12:03,D5,21° 50' 34.50'',102° 19' 19.9'',9,29,6.8,146°
26/10/2023,12:17,D4,21° 50' 35.97'',102° 19' 29'',10,29,9.3,20°
26/10/2023,12:27,D4,21° 50' 39.03'',102° 19' 43.9'',9,29,9.3,20°
26/10/2023,12:38,D4,21° 50' 45.21'',102° 20' 1.83'',9,29,9.3,20°
26/10/2023,12:46,D4,21° 50' 49.11'',102° 20' 13.5'',9,29,6.6,161°
26/10/2023,12:54,D3,21° 50' 51.16'',102° 20' 20.9'',9,30,6.6,161°
26/10/2023,13:04,D3,21° 50' 55.02'',102° 20' 36.1'',9,30,6.6,160°
26/10/2023,13:12,D3,21° 50' 59.31'',102° 20' 49.7'',8,29,6.6,160°
26/10/2023,13:21,D3,21° 51' 2.83'',102° 21' 2.21'',10,29,9.3,90°
26/10/2023,13:30,D2,21° 51' 7.5'',102° 21' 12.2'',8,29,9.3,90°
26/10/2023,13:39,D2,21° 51' 11.65'',102° 21' 15.3'',7,29,9.3,90°
26/10/2023,13:44,D2,21° 51' 14.53'',102° 21' 17.5'',6,30,3.9,192°
26/10/2023,13:48,D2,21° 51' 16.99'',102° 21' 19.8'',8,30,3.9,192°
02/11/2023,18:22,J5,21° 56' 4.531'',102° 18' 31.4'',8,24,4.7,64°
02/11/2023,18:29,J5,21° 56' 8.052'',102° 18' 53.9'',8,25,4.7,64°
02/11/2023,18:36,J5,21° 56' 11.48'',102° 19' 16.3'',9,25,6,69°
02/11/2023,18:44,J4,21° 56' 35.92'',102° 19' 39.5'',10,24,5.8,70°
02/11/2023,18:52,J4,21° 56' 7.882'',102° 19' 27.7'',9,26,5.8,70°
02/11/2023,18:56,J4,21° 55' 54.14'',102° 19' 18'',7,27,5.8,70°
02/11/2023,19:00,I5,21° 55' 29.78'',102° 19' 4.99'',9,27,5.8,70°
02/11/2023,19:07,I5,21° 55' 5.581'',102° 18' 52.5'',8,27,5.7,70°
02/11/2023,19:13,I5,21° 54' 49.74'',102° 18' 46.3'',6,26,5.7,70°
02/11/2023,19:19,H5,21° 54' 26.98'',102° 18' 36.2'',4,26,5.7,70°
02/11/2023,19:25,H5,21° 54' 7.668'',102° 18' 26.7'',5,27,5.7,70°
02/11/2023,19:31,H5,21° 53' 53.70'',102° 18' 19.3'',3,25,5.7,70°
02/11/2023,19:38,G5,21° 53' 44.43'',102° 18' 37.8'',5,26,5.7,70°
02/11/2023,19:50,G5,21° 53' 6'',102° 18' 45.4'',8,26,11.6,77°
02/11/2023,19:56,G5,21° 52' 46.75'',102° 18' 45.6'',5,25,11.6,77°
02/11/2023,20:05,E6,21° 52' 3.514'',102° 18' 30.2'',4,26,11.6,77°
02/11/2023,20:12,E6,21° 51' 55.83'',102° 17' 58.7'',5,26,11.6,77°
02/11/2023,20:18,E6,21° 51' 55.06'',102° 17' 41.1'',4,26,11.6,77°
02/11/2023,20:24,E7,21° 51' 56.75'',102° 17' 18.9'',4,25,11.1,60°
02/11/2023,20:29,E7,21° 51' 59.45'',102° 16' 53.3'',5,25,11.1,60°
02/11/2023,20:35,E7,21° 52' 7.543'',102° 16' 29.7'',20,24,11.1,60°
13/11/2023,19:50,E11,21° 51' 51.89'',102° 14' 7.83'',16,23,13,68
13/11/2023,19:58,E11,21° 51' 43.84'',102° 13' 43'',9,23,13,68
13/11/2023,20:05,E11,21° 51' 37.27'',102° 13' 17.8'',4,23,13,68
13/11/2023,20:10,F11,21° 52' 41.61'',102° 14' 6.15'',7,22,11.1,30
13/11/2023,20:22,F11,21° 52' 49.44'',102° 13' 54.3'',5,21,11.1,30
13/11/2023,20:27,F11,21° 52' 59.79'',102° 13' 38.9'',8,22,11.1,30
13/11/2023,20:34,G11,21° 53' 11.35'',102° 13' 54.5'',7,23,11.1,30
13/11/2023,20:39,G11,21° 53' 4.326'',102° 14' 4.40'',10,24,11.1,30
13/11/2023,20:44,G11,21° 53' 1.546'',102° 14' 14.1'',28,24,11.1,30
13/11/2023,20:50,G10,21° 53' 5.956'',102° 14' 35'',4,23,19.2,74
13/11/2023,20:56,G10,21° 53' 26.21'',102° 14' 39.6'',4,23,19.2,74
13/11/2023,21:01,G10,21° 53' 42.27'',102° 14' 44.9'',7,23,19.2,74
15/11/2023,21:56,C4,21° 50' 15.43'',102° 19' 33.97'',22,23,11.5,57
15/11/2023,22:01,C4,21° 50' 14.01'',102° 19' 25.88'',8,23,11.5,57
15/11/2023,22:05,C4,21° 50' 12.81'',102° 19' 20.27'',8,23,11.5,57
15/11/2023,22:11,C5,21° 50' 18.76'',102° 19' 6.319'',7,24,11.1,40
15/11/2023,22:16,C5,21° 50' 16.59'',102° 18' 53.94'',7,24,11.1,40
15/11/2023,22:20,C5,21° 50' 15'',102° 18' 44.84'',8,25,11.1,40
15/11/2023,22:36,C7,21° 50' 6.514'',102° 17' 22.02'',5,25,11.1,40
15/11/2023,22:42,C7,21° 49' 49.32'',102° 17' 18.51'',7,24,11.1,40
15/11/2023,22:49,C7,21° 49' 21.25'',102° 17' 14.2'',13,25,10.1,63
15/11/2023,22:53,B7,21° 49' 6.031'',102° 17' 11.59'',10,26,10.1,63
15/11/2023,22:58,B7,21° 48' 47.29'',102° 17' 8.32'',8,25,10.1,63
15/11/2023,23:04,B7,21°48' 33.4'',102° 17' 6.13'',7,25,10.1,63
15/11/2023,23:08,A7,21° 48' 25.63'',102° 17' 4.96'',5,25,10.1,63
15/11/2023,23:14,A7,21° 48' 5.716'',102° 17' 1.957'',6,23,14.8,360
15/11/2023,23:22,A7,21° 47' 51.88'',102° 16' 53.4'',32,25,14.8,360
15/11/2023,23:27,A8,21° 47' 56.55'',102° 16' 36.22'',8,25,14.8,360
15/11/2023,23:45,A8,21° 48' 2.32'',102° 16' 34.74'',6,26,9.5,50
15/11/2023,23:52,A8,21° 47' 55.73'',102° 16' 0.019'',5,25,9.5,50
15/11/2023,23:59,B8,21° 48' 31.66'',102° 15' 45.71'',6,24,9.4,45
16/11/2023,00:05,B8,21° 48' 45.39'',102° 15' 44.32'',6,23,9.4,45
16/11/2023,00:10,B8,21° 49' 0.973'',102° 15' 42.86'',2,23,18.5,360
16/11/2023,00:17,C8,21° 49' 38.52'',102° 16' 7.021'',2,24,18.5,360
16/11/2023,00:22,C8,21° 50' 3.955'',102° 16' 8.58'',3,22,18.5,360
16/11/2023,00:27,C8,21° 50' 21.89'',102° 16' 8.832'',2,22,18.5,360
16/11/2023,00:33,D9,21° 50' 37.83'',102° 15' 46.12'',4,24,18.5,360
16/11/2023,00:38,D9,21° 50' 42.46'',102° 15' 30.27'',5,25,18.5,360
16/11/2023,00:44,D9,21° 50' 39.14'',102° 15' 15.14'',4,25,10.7,39
16/11/2023,00:49,D10,21° 50' 40.06'',102° 14' 56.24'',4,25,10.7,39
16/11/2023,00:53,D10,21° 50' 52.29'',102° 14' 47.89'',4,25,10.5,38
16/11/2023,00:58,D10,21° 50' 59.56'',102° 41' 48.65'',4,25,10.5,38
16/11/2023,20:28,E3,21° 51' 31.85'',102° 20' 31.86'',7,24,13,50
16/11/2023,20:34,E3,21° 51' 25.58'',102° 20' 54.19'',8,24,13,50
16/11/2023,20:38,E3,21° 51' 14.74'',102° 21' 4.813'',6,23,13,50
16/11/2023,20:44,E2,21° 51' 21.35'',102° 21' 23.23'',6,23,9.6,27
16/11/2023,20:49,E2,21° 51' 26.09'',102° 21' 31.20'',9,23,9.6,27
16/11/2023,20:53,E2,21° 51' 28.66'',102° 21' 35.27'',9,22,9.6,27
16/11/2023,20:57,E1,21° 51' 34.58'',102° 21' 49.24'',10,23,9.6,27
16/11/2023,21:02,E1,21° 51' 40.09'',102° 22' 3.025'',7,24,9.6,27
16/11/2023,21:07,E1,21° 51' 58.16'',102° 22' 16.80'',6,24,9.6,27
16/11/2023,21:13,F1,21° 52' 10.51'',102° 22' 14.64'',10,24,13,360
16/11/2023,21:17,F1,21° 52' 32.95'',102° 22' 10.72'',6,25,13,360
16/11/2023,21:24,F1,21° 53' 0.204'',102° 22' 5.905'',9,25,13,360
16/11/2023,21:29,G1,21° 53' 18.87'',102° 22' 7.23'',7,25,13,360
16/11/2023,21:34,G1,21° 53' 36.30'',102° 22' 0.696'',33,24,13,360
16/11/2023,21:38,G1,21° 53' 47.59'',102° 22' 2.611'',11,24,9.6,17
16/11/2023,21:44,H1,21° 54' 44.25'',102° 22' 10.73'',8,24,9.6,17
16/11/2023,21:48,H1,21° 54' 52.56'',102° 22' 7.68'',11,23,9.6,17
16/11/2023,21:57,H1,21° 54' 55.75'',102° 22' 1.714'',22,22,9.6,17
16/11/2023,22:01,I2,21° 55' 10.30'',102° 21' 54.66'',29,23,9.9,15
16/11/2023,22:06,I2,21° 55' 27.99'',102° 21' 51.15'',17,22,9.9,15
16/11/2023,22:10,I2,21° 55' 47.64'',102° 21' 49.18'',8,23,9.9,15
16/11/2023,22:15,J2,21° 56' 11.10'',102° 21' 42.76'',8,24,9.9,15
16/11/2023,22:19,J2,21° 56' 26.37'',102° 21' 34.04'',7,23,9.9,15
16/11/2023,22:24,J2,21° 56' 43.59'',102° 21' 28.20'',4,23,9.9,15
16/11/2023,22:28,K2,21° 57' 5.623'',102° 21' 19.19'',7,23,9.9,15
16/11/2023,22:33,K2,21° 57' 18.74'',102° 21' 18.91'',5,23,9.4,13
16/11/2023,22:38,K2,21° 57' 51.68'',102° 21' 15.77'',3,23,9.4,13
16/11/2023,22:43,L2,21° 58' 10.13'',102° 21' 13.95'',4,24,9.4,13
16/11/2023,22:48,L2,21° 58' 29.40'',102° 21' 1.224'',6,24,9.4,13
16/11/2023,22:52,L2,21° 58' 27.67'',102° 20' 41.97'',11,23,9.4,13
28/11/2023,18:46,P7,22° 1' 33.229'',102° 16' 59.79'',5,21,2.8,110
28/11/2023,18:52,P7,22° 2' 1.219'',102° 16' 53.68'',7,23,2.8,110
28/11/2023,18:56,P7,22° 2' 14.28'',102° 16' 50.85'',5,23,2.5,109
28/11/2023,19:01,Q7,22° 2' 23.30'',102° 16' 49.32'',10,24,2.4,108
28/11/2023,19:06,Q7,22° 3' 5.191'',102° 16' 50.05'',5,23,2.4,108
28/11/2023,19:10,Q7,22° 3' 18.619'',102° 16' 49.09'',5,23,8,88
28/11/2023,19:14,R7,22° 3' 36.928'',102° 16' 45.84'',5,23,8,87
28/11/2023,19:18,R7,22° 3' 53.02'',102° 16' 44.53'',4,23,8,87
28/11/2023,19:22,R7,22° 4' 12.424'',102° 16' 43.50'',5,22,7.7,83
28/11/2023,19:26,S7,22° 4' 37.362'',102° 16' 40.60'',5,22,7.7,83
28/11/2023,19:30,S7,22° 4' 45.67'',102° 16' 39.51'',7,22,7.5,82
28/11/2023,19:34,S7,22° 5' 1.903'',102° 16' 33.93'',8,21,7.5,82
28/11/2023,19:38,S8,22° 5' 7.969'',102° 16' 23.72'',22,22,7.5,80
28/11/2023,19:43,S8,22° 4' 48.22'',102° 16' 17.65'',16,23,7.5,79
28/11/2023,19:49,S8,22° 4' 45.588'',102° 15' 40.13'',6,22,7.6,81
28/11/2023,19:53,R8,22° 4' 16.41'',102° 15' 34.83'',8,22,7.8,82
28/11/2023,19:58,R8,22° 3' 54.38'',102° 15' 33.32'',10,22,8.2,86
28/11/2023,20:03,R8,22° 3' 35.658'',102° 15' 55.93'',6,22,15.8,96
28/11/2023,20:08,Q8,22° 3' 2.8008'',102° 15' 54.75'',5,20,15.8,96
28/11/2023,20:13,Q8,22° 2' 33.622'',102° 15' 53.30'',5,21,16.2,97
28/11/2023,20:17,Q8,22° 2' 16.681'',102° 15' 53.47'',6,21,16.5,97
28/11/2023,20:21,P8,22° 2' 2.209'',102° 15' 52.30'',4,22,16.5,97
28/11/2023,20:27,P8,22° 1' 59.710'',102° 16' 14.50'',6,22,16.8,98
28/11/2023,20:31,P8,22° 1' 59.6172'',102° 16' 32.28'',7,21,16.6,98
13/09/2023,13:15,9F,21°52'35¨,102°15'40¨,3,29,5,60°
13/09/2023,13:22,9F,21°52'46¨,102°15'40¨,3,30,5,62°
13/09/2023,14:19,9F,21°52'37¨,102°15'28¨,2,31,5,60°
13/09/2023,15:48,9F,21°52'44¨,102°16'6¨,2,30,8,61°
18/09/2023,13:08,9E,21°52'11¨,102°15'27¨,4,27,5,61°
18/09/2023,13:20,9E,21°51'58¨,102°15'11¨,3,28,5,59°
18/09/2023,13:31,9E,21°51'39¨,102°15'17¨,3,30,5,60°
18/09/2023,13:38,9E,21°51'35¨,102°15'31¨,3,29,4,55°
19/09/2023,13:57,8E,21°51'37¨,102°16'4¨,3,30,5,56°
19/09/2023,14:01,8E,21°51'37¨,102°16'11¨,9,30,5,60°
19/09/2023,14:07,8E,21°51'37¨,102°16'19¨,2,31,5,58°
19/09/2023,14:22,8E,21°51'38¨,102°16'27¨,3,33,5,50°
19/09/2023,15:15,8E,21°50'8¨,102°14'58¨,3,31,6,56°
20/09/2023,14:08,5F,21°52'40¨,102°18'44¨,5,30,9,40°
20/09/2023,14:22,5F,21°52'50¨,102°18'45¨,3,31,9,42°
20/09/2023,14:32,5F,21°53'8¨,102°18'46¨,3,34,9,40°
20/09/2023,14:44,5F,21°53'24¨,102°18'46¨,3,36,9,42°
20/09/2023,14:48,5G,21°53'32¨,102°18'45¨,2,34,9,43°
20/09/2023,14:56,5G,21°53'43¨,102°18'41¨,7,34,9,40°
20/09/2023,15:04,5G,21°53'41¨,102°18'55¨,2,34,9,44°
20/09/2023,15:11,5G,21°53'40¨,102°19'1¨,6,34,10,40°
21/09/2023,13:43,7E,21°51'35¨,102°17'2¨,3,30,6,45°
21/09/2023,13:51,7E,21°51'33¨,102°17'12¨,2,32,6,46°
21/09/2023,13:56,7E,21°51'31¨,102°17'23¨,3,34,6,45°
21/09/2023,14:09,7E,21°51'29¨,102°17'40¨,1,35,6,45°
03/10/2023,13:30,6I,21°54'56¨,102°17'19¨,7,31,4,50°
03/10/2023,13:35,6I,21°54'56¨,102°17'24¨,5,31,4,51°
03/10/2023,13:38,6I,21°54'57¨,102°17'30¨,4,31,4,45°
03/10/2023,13:45,6I,21°54'57¨,102°17'33¨,4,33,4,46°
03/10/2023,13:53,6H,21°54'57¨,102°17'51¨,5,32,4,45°
03/10/2023,13:58,6H,21°54'58¨,102°17'58¨,5,32,5,45°
03/10/2023,14:05,6H,21°54'58¨,102°18'10¨,5,31,5,47°
03/10/2023,14:12,6H,21°54'58¨,102°18'23¨,5,32,6,45°
12/10/2023,13:03,10E,21°51'5¨,102°15'15¨,2,23,14,45°
12/10/2023,13:10,10E,21°51'3¨,102°15'16¨,2,25,14,50°
12/10/2023,13:17,10E,21°51'3¨,102°15'17¨,2,27,14,45°
12/10/2023,13:20,10E,21°51'3¨,102°15'17¨,1,27,14,37°
16/10/2023,09:54,8H,21°51'6¨,102°15'12¨,3,23,17,40°
16/10/2023,10:00,8H,21°54'44¨,102°15'59¨,3,22,17,45°
16/10/2023,10:09,8H,21°54'33¨,102°16'20¨,2,23,17,55°
16/10/2023,10:17,8H,21°54'42¨,102°15'49¨,3,24,17,35°
16/10/2023,10:30,8F,21°54'30¨,102°16'21¨,4,24,17,40°
16/10/2023,10:37,8F,21°54'2¨,102°16'14¨,4,24,17,43°
16/10/2023,10:45,8F,21°53'44¨,102°16'14¨,3,25,17,51°
16/10/2023,10:55,8F,21°53'35¨,102°15'52¨,4,24,18,38°
17/10/2023,13:44,6E,21°53'12¨,102°16'23¨,3,27,13,42°
17/10/2023,13:50,6E,21°53'3¨,102°16'22¨,3,27,13,50°
17/10/2023,13:58,6E,21°52'54¨,102°16'20¨,2,27,13,57°
17/10/2023,14:10,6E,21°52'43¨,102°16'18¨,4,30,13,44°
17/10/2023,14:25,5E,21°52'0¨,102°16'54¨,5,30,14,40°
17/10/2023,14:35,5E,21°51'59¨,102°17'5¨,5,30,14,44°
17/10/2023,14:44,5E,21°51'58¨,102°17'18¨,4,31,14,50°
17/10/2023,14:57,5E,21°51'56¨,102°17'38¨,4,32,14,39°
22/10/2023,14:00,4E,"21°51'48""","102°20'0""",5,22,18,219°
22/10/2023,14:15,4E,"21°51'41""","102°19'56""",3,21,19.5,219°
22/10/2023,14:25,4E,"21°51'33""","102°20'11""",2,23,19,218°
22/10/2023,14:36,4E,"21°51'32""","102°19'49""",3,22,18,217°
22/10/2023,14:47,4F,"21°52'11""","102°19'32""",3,21,19,210°
22/10/2023,14:59,4F,"21°52'10""","102°19'45""",4,22,17,210°
22/10/2023,15:10,4F,"21°52'13""","102°19'10""",6,23,19,220°
22/10/2023,15:25,4F,"21°52'15""","102°19'9""",2,21,18,221°
23/10/2023,14:15,4G,"21°53'19""","102°20'0""",6,24,18,211°
23/10/2023,14:26,4G,"21°53'26""","102°19'24""",3,25,18.4,211°
23/10/2023,14:34,4G,"21°53'49""","102°19'56""",5,25,18,212°
23/10/2023,14:42,4G,"21°53'56""","102°19'37""",6,26,18,211°
23/10/2023,14:55,4H,"21°54'6""","102°19'37""",3,25,18,208°
23/10/2023,15:06,4H,"21°54'19""","102°19'56""",2,24,18,214°
23/10/2023,15:14,4H,"21°54'50""","102°19'49""",4,25,19,214°
23/10/2023,15:24,4H,"21°54'42""","102°20'8""",2,26,19,215°
23/10/2023,15:36,4I,"21°55'14""","102°19'11""",8,25,19,214°
23/10/2023,15:44,4I,"21°55'6""","102°19'42""",6,25,19,216°
23/10/2023,15:57,4I,"21°55'22""","102°20'19""",7,25,18,219°
23/10/2023,16:09,4I,"21°55'10""","102°20'8""",6,26,19,219°
31/10/2023,13:50,4M,"21°59'3""","102°20'10""",4,18,15,154°
31/10/2023,14:05,4M,"21°58'45""","102°20'22""",3,19,16,155°
31/10/2023,14:15,4M,"21°58'56""","102°20'12""",5,22,15,155°
31/10/2023,14:26,4M,"21°58'53""","102°20'2""",2,23,15,152°
31/10/2023,14:35,2F,"21°53'3""","102°21'2""",8,22,16,153°
31/10/2023,14:44,2F,"21°52'20""","102°21'7""",5,22,16,155°
31/10/2023,14:57,2F,"21°52'17""","102°21'16""",10,24,16,156°
31/10/2023,15:09,2F,"21°52'45""","102°21'16""",6,24,15,170°
31/10/2023,15:18,6M,"21°58'56""","102°18'21""",10,23,15,172°
31/10/2023,15:27,6M,"21°59'1""","102°18'17""",6,22,15,172°
31/10/2023,15:39,6M,"21°59'9""","102°18'23""",9,24,16,170°
31/10/2023,15:48,6M,"21°59'2""","102°18'11""",8,24,15,161°
31/10/2023,15:58,7M,"21°59'0""","102°17'26""",10,24,16,162°
31/10/2023,16:06,7M,"21°58'58""","102°17'27""",7,23,15,162°
31/10/2023,16:14,7M,"21°58'35""","102°17'18""",15,23,15,166°
31/10/2023,16:27,7M,"21°58'50""","102°17'32""",10,24,16,173°
31/10/2023,16:36,6N,"21°59'38""","102°18'13""",14,22,15,175°
31/10/2023,16:45,6N,"21°59'52""","102°18'2""",10,24,16,176°
31/10/2023,16:56,6N,"21°59'56""","102°17'47""",12,24,15,177°
31/10/2023,17:08,6N,"21°59'49""","102°17'58""",9,24,16,175°
08/11/2023,13:30,4K,"21°57'8""","102°20'4""",5,28,5,202°
08/11/2023,13:45,4K,"21°57'18""","102°19'49""",7,28,5,202°
08/11/2023,13:59,4K,"21°57'40""","102°19'47""",3,28,5,203°
08/11/2023,14:10,4K,"21°57'38""","102°19'30""",5,27,5,202°
08/11/2023,14:25,5K,"21°57'23""","102°19'9""",2,28,4,206°
08/11/2023,14:36,5K,"21°57'3""","102°19'16""",3,27,4,202°
08/11/2023,14:47,5K,"21°57'3""","102°18'40""",4,27,5,208°
08/11/2023,14:58,5K,"21°57'13""","102°18'54""",2,28,5,218°
08/11/2023,15:12,6J,"21°56'0""","102°17'54""",4,27,5,220°
08/11/2023,15:24,6J,"21°55'51""","102°18'5""",3,27,5,215°
08/11/2023,15:36,6J,"21°55'55""","102°18'15""",6,26,4,215°
08/11/2023,15:48,6J,"21°56'2""","102°18'16""",5,28,5,215°
08/11/2023,15:59,7J,"21°56'1""","102°17'30""",2,28,5,219°
08/11/2023,16:13,7J,"21°56'9""","102°17'27""",1,27,5,220°
08/11/2023,16:25,7J,"21°56'27""","102°17'25""",2,27,5,222°
08/11/2023,16:38,7J,"21°56'23""","102°16'57""",2,28,5,220°
08/11/2023,16:49,8I,"21°55'45""","102°16'36""",3,27,5,221°
08/11/2023,16:58,8I,"21°55'36""","102°16'3""",2,28,4,220°
08/11/2023,17:08,8I,"21°55'22""","102°16'23""",3,27,5,220°
08/11/2023,17:17,8I,"21°55'48""","102°16'5""",3,26,5,223°
08/11/2023,17:29,8J,"21°56'2""","102°15'52""",5,27,5,223°
08/11/2023,17:38,8J,"21°56'20""","102°15'40""",2,27,4,224°
08/11/2023,17:49,8J,"21°56'19""","102°16'1""",3,28,5,219°
08/11/2023,17:58,8J,"21°56'3""","102°15'39""",2,27,5,223°
08/11/2023,18:11,4O,"22°1'21""","102°19'29""",7,27,5,221°
08/11/2023,18:26,4O,"22°1'24""","102°19'34""",15,27,5,223°
08/11/2023,18:37,4O,"22°1'18""","102°19'37""",17,27,6,222°
08/11/2023,18:49,4O,"22°1'17""","102°19'30""",11,27,5,223°
08/11/2023,18:57,4L,"21°58'4""","102°19'48""",6,28,5,224°
08/11/2023,19:14,4L,"21°58'12""","102°19'54""",10,27,5,221°
08/11/2023,19:27,4L,"21°58'30""","102°19'52""",7,28,5,218°
08/11/2023,19:39,4L,"21°58'26""","102°19'45""",10,28,4,220°
10/11/2023,13:35,5O,"22°1'1""","102°18'56""",17,24,10,206°
10/11/2023,13:46,5O,"22°1'15""","102°18'54""",10,24,10,207°
10/11/2023,13:59,5O,"22°1'22""","102°18'53""",11,23,10,206°
10/11/2023,14:08,5O,"22°1'29""","102°18'51""",7,23,10,207°
10/11/2023,14:18,3I,"21°55'20""","102°20'18""",8,24,9,210°
10/11/2023,14:29,3I,"21°55'35""","102°20'54""",15,24,9,210°
10/11/2023,14:37,3I,"21°55'43""","102°20'28""",7,24,10,211°
10/11/2023,14:45,3I,"21°55'46""","102°20'20""",10,25,10,211°
10/11/2023,14:56,3J,"21°56'5""","102°20'29""",7,24,10,211°
10/11/2023,15:15,3J,"21°56'9""","102°20'39""",4,23,9,212°
10/11/2023,15:29,3J,"21°56'28""","102°20'31""",8,24,10,212°
10/11/2023,15:45,3J,"21°56'21""","102°20'11""",7,22,10,212°
10/11/2023,15:59,3K,"21°57'25""","102°20'28""",2,23,10,211°
10/11/2023,16:09,3K,"21°57'16""","102°21'6""",2,24,10,209°
10/11/2023,16:28,3K,"21°57'20""","102°20'48""",3,24,10,209°
10/11/2023,16:39,3K,"21°57'18""","102°20'41""",2,24,10,210°
11/11/2023,14:06,3L,"21°57'59""","102°20'48""",2,21,11,191°
11/11/2023,14:18,3L,"21°58'17""","102°20'52""",3,21,11,191°
11/11/2023,14:29,3L,"21°58'21""","102°20'26""",3,21,11,191°
11/11/2023,14:36,3L,"21°58'18""","102°20'16""",3,21,9,190°
11/11/2023,14:48,3M,"21°58'53""","102°20'50""",5,22,9,191°
11/11/2023,14:58,3M,"21°58'44""","102°20'22""",7,21,10,189°
11/11/2023,15:10,3M,"21°59'16""","102°20'25""",13,22,11,190°
11/11/2023,15:25,3M,"21°59'26""","102°20'14""",5,23,11,192°
11/11/2023,15:36,3N,"21°59'51""","102°20'27""",16,23,11,190°
11/11/2023,15:48,3N,"21°59'49""","102°20'18""",10,21,10,190°
11/11/2023,15:59,3N,"21°59'35""","102°20'17""",7,22,11,190°
11/11/2023,16:12,3N,"21°59'38""","102°20'11""",8,22,11,191°
18/11/2023,13:30,10H,"21°55'8""","102°14'28""",3,25,10,58°
18/11/2023,13:45,10H,"21°55'6""","102°14'19""",2,25,9,59°
18/11/2023,13:55,10H,"21°55'2""","102°14'24""",5,25,10,55°
18/11/2023,14:06,10H,"21°54'57""","102°14'24""",3,24,8,57°
19/11/2023,13:36,10I,"21°55'33""","102°14'35""",2,27,15,222°
19/11/2023,13:49,10I,"21°55'27""","102°14'30""",2,27,15,223°
19/11/2023,13:59,10I,"21°55'29""","102°14'37""",3,26,15,222°
19/11/2023,14:11,10I,"21°55'39""","102°14'29""",10,27,15,221°
19/11/2023,14:22,10J,"21°56'33""","102°14'52""",10,26,15,222°
19/11/2023,14:33,10J,"21°56'20""","102°14'39""",7,27,14,223°
19/11/2023,14:45,10J,"21°56'11""","102°14'49""",5,27,15,224°
19/11/2023,14:56,10J,"21°56'6""","102°14'48""",8,27,15,223°
19/11/2023,15:13,9K,"21°57'18""","102°15'13""",7,26,15,224°
19/11/2023,15:22,9K,"21°57'26""","102°15'21""",7,25,15,223°
19/11/2023,15:36,9K,"21°57'15""","102°14'55""",5,26,15,222°
19/11/2023,15:48,9K,"21°57'22""","102°15'1""",9,27,14,225°
20/11/2023,13:10,9J,"21°56'11""","102°15'16""",2,21,18,229°
20/11/2023,13:25,9J,"21°56'0""","102°15'31""",3,21,18,229°
20/11/2023,13:36,9J,"21°56'22""","102°15'24""",3,22,18,229°
20/11/2023,13:48,9J,"21°56'28""","102°15'25""",2,21,18,229°
20/11/2023,13:59,8K,"21°57'10""","102°16'11""",7,25,17,229°
20/11/2023,14:14,8K,"21°57'23""","102°16'13""",3,25,17,229°
20/11/2023,14:28,8K,"21°57'39""","102°16'19""",4,25,17,230°
20/11/2023,14:37,8K,"21°57'25""","102°16'35""",3,24,18,231°
20/11/2023,15:15,6L,"21°58'12""","102°18'12""",4,22,18,231°
20/11/2023,15:26,6L,"21°57'58""","102°18'5""",6,23,18,231°
20/11/2023,15:38,6L,"21°58'12""","102°17'54""",9,22,18,231°
20/11/2023,15:47,6L,"21°57'57""","102°17'47""",4,22,18,231°
20/11/2023,15:59,5L,"21°58'3""","102°18'57""",11,22,18,231°
20/11/2023,16:10,5L,"21°58'9""","102°18'41""",4,23,18,229°
20/11/2023,16:25,5L,"21°58'16""","102°18'46""",6,24,18,229°
20/11/2023,16:36,5L,"21°58'21""","102°18'45""",4,24,18,230°
20/11/2023,17:30,7L,"21°57'58""","102°17'0""",4,24,18,230°
20/11/2023,17:45,7L,"21°57'46""","102°17'5""",3,24,17,230°
20/11/2023,17:59,7L,"21°57'44""","102°16'51""",3,24,18,229°
20/11/2023,18:10,7L,"21°57'52""","102°17'23""",4,22,18,229°
21/11/2023,13:16,3F,"21°52'37""","102°20'39""",8,20,9,184°
21/11/2023,13:27,3F,"21°52'49""","102°20'45""",7,20,9,184°
21/11/2023,13:36,3F,"21°52'26""","102°20'39""",6,20,9,183°
21/11/2023,13:47,3F,"21°53'3""","102°20'36""",7,20,9,183°
21/11/2023,13:58,6C,"21°50'24""","102°18'4""",7,22,10,188°
21/11/2023,14:15,6C,"21°50'24""","102°18'5""",9,21,10,188°
21/11/2023,14:26,6C,"21°50'19""","102°17'51""",6,22,10,188°
21/11/2023,14:37,6C,"21°50'17""","102°18'0""",5,22,10,189°
21/11/2023,14:48,3G,"21°53'35""","102°20'48""",14,22,9,189°
21/11/2023,14:57,3G,"21°53'36""","102°20'19""",8,22,9,188°
21/11/2023,15:11,3G,"21°53'19""","102°20'42""",9,23,9,187°
21/11/2023,15:19,3G,"21°53'15""","102°20'45""",14,22,9,187°
21/11/2023,15:26,2G,"21°53'8""","102°21'36""",7,22,10,189°
21/11/2023,15:38,2G,"21°53'7""","102°21'50""",9,22,9,189°
21/11/2023,15:49,2G,"21°53'35""","102°21'36""",4,21,10,188°
21/11/2023,15:58,2G,"21°53'46""","102°21'13""",7,22,10,188°
21/11/2023,16:16,6G,"21°53'52""","102°18'15""",2,23,10,188°
21/11/2023,16:29,6G,"21°53'44""","102°17'58""",3,23,10,188°
21/11/2023,16:38,6G,"21°53'36""","102°17'49""",1,22,10,188°
21/11/2023,16:47,6G,"21°53'32""","102°17'41""",2,22,10,188°
23/11/2023,13:36,2H,"21°54'57""","102°21'26""",10,20,19,230°
23/11/2023,13:48,2H,"21°54'43""","102°21'41""",14,20,19,235°
23/11/2023,13:57,2H,"21°54'26""","102°21'13""",9,21,19,233°
23/11/2023,14:13,2H,"21°54'15""","102°21'7""",5,20,19,230°
23/11/2023,14:24,3H,"21°54'55""","102°20'31""",5,20,18,232°
23/11/2023,14:35,3H,"21°54'34""","102°20'18""",4,19,20,233°
23/11/2023,14:48,3H,"21°54'32""","102°20'27""",2,20,19,230°
23/11/2023,14:57,3H,"21°54'31""","102°20'37""",5,21,19,232°
23/11/2023,15:09,4N,"22°0'11""","102°19'52""",10,19,19,230°
23/11/2023,15:17,4N,"21°59'49""","102°19'39""",7,19,19,230°
23/11/2023,15:36,4N,"21°59'55""","102°19'38""",14,20,18,230°
23/11/2023,15:48,4N,"22°0'24""",102°19'41,8,21,19,230°
24/11/2023,13:59,6K,"21°57'26""","102°18'29""",5,20,13,211°
24/11/2023,14:12,6K,"21°57'19""","102°18'22""",3,20,12,211°
24/11/2023,14:26,6K,"21°57'17""","102°18'10""",2,20,13,210°
24/11/2023,14:38,6K,"21°57'21""","102°18'9""",3,20,13,210°
24/11/2023,14:49,7K,"21°57'37""","102°17'26""",7,21,13,210°
24/11/2023,14:56,7K,"21°57'27""","102°17'22""",5,20,12,210°
24/11/2023,15:15,7K,"21°57'20""","102°17'23""",10,20,13,208°
24/11/2023,15:29,7K,"21°56'55""","102°17'11""",14,20,13,208°
